id,Code,Description,Brand,Price,ImageUrl,created_at
00bc5699-3394-43db-a2d7-270d45fe0f70,MB-5103,MORELLO CHERRY 340g,mrs.BRIDGES,5.95,https://gustoraro.gr/wp-content/uploads/2023/09/637793025103-300x300.jpg,2026-03-28 11:47:48.140172+00
0156258b-c9e5-4e24-b335-21dd39bc9080,MB-1365,SWEET ONION 230g,mrs.BRIDGES,4.45,https://gustoraro.gr/wp-content/uploads/2023/09/637793021365-300x300.jpg,2026-03-28 11:47:48.140172+00
02039797-f4e5-4a4b-aec7-a32aae6e8b8d,BO-5042,STRAWBERRY & CHOCOLATE 320g,BORGO DI MEDICI,5.40,https://borgodemedici.us/sites/default/files/styles/product_sm/public/img/products/img/bh2507.jpg?itok=fdSnGvfl,2026-03-28 11:47:48.140172+00
022de1d3-f6d9-4c3f-ace3-11023ac5c0b1,BO-8524,RAVIOLLI BLACK TRUFFLE 250g,BORGO DI MEDICI,3.90,https://gustoraro.gr/wp-content/uploads/2024/01/8032578558524-300x300.jpg,2026-03-28 11:47:48.140172+00
0283d7a4-12d7-4da9-a318-bebc7d6a997f,GM-3288,CHIPSY LIME & CHILLI 65G,GAM'S PROTEIN,0.00,https://cdn.cs.1worldsync.com/44/f2/44f29e69-18c5-4b02-938f-ae43a45de950.jpg,2026-04-01 11:59:39.650998+00
028a35e7-c6a8-4d4c-82db-0e11e192d1bf,RI-8475,DARK CHOCO AND ORANGE 120g,RISI,3.60,https://gustoraro.gr/wp-content/uploads/2025/02/Risi-8411859558475-300x300.png,2026-03-28 11:47:48.140172+00
02a3ed8f-1d5a-4497-951f-e08b60266bf6,BO-5653,FIG 330g,BORGO DI MEDICI,5.40,https://gustoraro.gr/wp-content/uploads/2025/09/8032578555653-300x300.jpg,2026-03-28 11:47:48.140172+00
031bbd3e-0cf4-4ccd-9301-9aacd4f3a4f7,ZU-4210,ΣΑΝΓΚΟΥΙΝΙ SF 200ml,ZUEGG,1.25,https://gustoraro.gr/wp-content/uploads/2024/03/8000340004210.jpg,2026-03-28 11:47:48.140172+00
035cad5b-7ebc-46cd-9099-2ca8439a744e,SM-3310,MIXED FRUITS 200g,SIMPKINS,2.90,https://gustoraro.gr/wp-content/uploads/2024/04/5011563623310-300x300.jpg,2026-03-28 11:47:48.140172+00
0370eb27-73ad-43ad-b601-08ab358cb2e8,FH-7575,TOASTED COCONUT 100g,FARMHOUSE,3.35,https://gustoraro.gr/wp-content/uploads/2024/03/5017162007575-300x300.jpg,2026-03-28 11:47:48.140172+00
038ca1f2-6b11-49da-bad8-b58d95b57772,GD-1499,SALAMI STYLE 120g,GUDOBELE,1.85,https://gustoraro.gr/wp-content/uploads/2024/01/4770350141499-300x300.jpg,2026-03-28 11:47:48.140172+00
03c9a58b-daa1-4d41-9982-933b79f9f034,GM-2571,DUBAI CHOCOLATE STYLE BAR PISTACHIO & COCONUT 60G,GAM'S PROTEIN,0.00,https://suplementosalmayor.cl/wp-content/uploads/2025/07/xDubai-style-Protein-bars-coconut-60g.png.pagespeed.ic_.uhb3eHdIrO-removebg-preview.webp,2026-04-01 11:46:41.730105+00
03ef1432-231e-4a33-81ee-cf79bf7b9e4c,MJ-4379,MILK WITH HAZELNUTS 115g,MAJANI,7.75,https://adultfoodnbeverage.com/cdn/shop/files/Majani1796MilkChocolateWithWholeHazelnuts115g.jpg?v=1746589361&width=416,2026-03-28 11:47:48.140172+00
042bb2b8-259d-4e3f-9d8c-01e2837029f8,HE-7833,DARK ORANGE 90g,HEIDI,2.95,https://gustoraro.gr/wp-content/uploads/2023/09/5941021017833-300x300.jpg,2026-03-28 11:47:48.140172+00
042dd213-8ab5-40e7-83e5-89f36e79680a,DC-3046,BOX tricolore STITCH 250g,DALLA COSTA,2.15,https://shop.pastadallacosta.it/cdn/shop/files/01304s9915badis-pasta-tricolore-disney-lilo-stitch.jpg?v=1764039812&width=480,2026-03-28 11:47:48.140172+00
047f5020-d8cf-4c76-bfbb-992ee859ee33,CP-0369,"CARROT, PUMPKIN, PARMEGIANO 100g",CUISINE PROVENCALE,3.95,https://gustoraro.gr/wp-content/uploads/2025/02/La-Cuisine-Provencale-3302764100369-300x300.png,2026-03-28 11:47:48.140172+00
05316637-2bcf-48d4-aa45-970aed54eac8,ME-0400,ΦΡΕΣΚΩΝ ΛΑΧΑΝΙΚΩΝ-VEGAN - NO ADDED SALT 400g,MAMA IRINE,3.45,https://gustoraro.gr/wp-content/uploads/2025/03/5200126260400-300x300.jpg,2026-03-28 11:47:48.140172+00
054d2dfd-978f-4477-9274-c94042c6098c,BE-1510,TOMATO & OREGANO 150g,BELLI,3.00,https://imex.ch/media/image/product/10424/lg/cantuccini-alloregano-e-pomodoro.png,2026-03-28 11:47:48.140172+00
056ab99d-2543-4a2d-a85f-c05807b3e657,FH-8008,SUNDRIED TOMATO & BASIL 50g,FARMHOUSE,2.55,https://gustoraro.gr/wp-content/uploads/2025/09/5017162008008-300x300.jpg,2026-03-28 11:47:48.140172+00
058c236f-a7c2-4280-9ddb-d977ac8c595f,BO-7053,RASPBERRY 330g,BORGO DI MEDICI,5.40,https://gustoraro.gr/wp-content/uploads/2025/09/8032578557053-300x300.jpg,2026-03-28 11:47:48.140172+00
05d25279-f7cd-4f08-9afd-f72655a3a77d,RI-3395,ORIGINAL 100g,RISI,1.35,https://risi.es/static/img/pajitas-abanico.png,2026-03-28 11:47:48.140172+00
05df195f-723c-47ce-b91d-c657c4e3fc7c,HE-4222,CRANBERRY 80g,HEIDI,2.75,https://gustoraro.gr/wp-content/uploads/2023/09/5941021024222-300x300.jpg,2026-03-28 11:47:48.140172+00
061d2796-6674-4584-9846-c82e2d795586,BO-8074,MINI PANDORO LIMONCELLO 100g,BORGO DI MEDICI,2.65,https://gustoraro.gr/wp-content/uploads/2024/10/GUS23-300x300.jpg,2026-03-28 11:47:48.140172+00
063470dc-f98c-4504-a039-b941c0f60ce2,KE-0781,HONEY & SEA SALT 90g,KEOGHS,3.00,https://gustoraro.gr/wp-content/uploads/2023/12/5391527730781-300x300.jpg,2026-03-28 11:47:48.140172+00
069bb150-1fc5-4ff6-b0b8-be97af0db697,BO-8135,GIANDUJA HAZELNUT 400g,BORGO DI MEDICI,5.40,https://gustoraro.gr/wp-content/uploads/2025/09/8032578558135-300x300.jpg,2026-03-28 11:47:48.140172+00
06a11984-c9af-4bd7-9fc0-0fe7a368770f,TA-7726,FONDENTE CHOCO 100g,TARALLORO,2.30,https://gustoraro.gr/wp-content/uploads/2024/01/8003007827726-300x300.jpg,2026-03-28 11:47:48.140172+00
06a827e3-a275-4302-8bd1-41a7ef209425,MJ-1804,CUBO FIAT 81g,MAJANI,8.60,https://www.reregalo.store/media/catalog/product/cache/5f930e495092898d41ee074450c90f31/m/a/maj119.jpg,2026-03-28 11:47:48.140172+00
06cccccd-6092-4e37-9b9e-a258c95da760,ZZ-0984,JALAPENO &  HABANERO PEPPER 50g,CHAZZ,2.10,https://gustoraro.gr/wp-content/uploads/2025/03/4779047980984-300x300.jpg,2026-03-28 11:47:48.140172+00
06d09daa-ece0-4c60-ac3c-9b72e7da263b,HE-6813,TIRAMISU 90g,HEIDI,2.95,https://en.mistral.shop/thumbs/1/prod_16915_5.png,2026-03-28 11:47:48.140172+00
07e18ed7-2be1-4314-95e9-597f93c165b7,RI-0782,DIGESTIVE 140g,RISI,3.60,https://gustoraro.gr/wp-content/uploads/2025/02/Risi-8411859560782-300x300.png,2026-03-28 11:47:48.140172+00
08101d1f-199b-4c0a-bac7-a7c87f6ff741,VI-2925,TRIANGLES-PIZZA 60g,BON VIVANT,2.90,https://cdn.faire.com/fastly/957a16e459f8b462817609a709773c4d7ec20402c0e19bb8671b4a73a284aa73.png?bg-color=FFFFFF&dpr=1&fit=crop&format=jpg&height=720&width=720,2026-03-28 11:47:48.140172+00
093c3889-7705-4c3e-8979-cadbfc1d73dc,GM-2052,BAR PISTACHIO 50G,GAM'S PROTEIN,0.00,https://suplementosalmayor.cl/wp-content/uploads/2025/07/4497_700-removebg-preview.webp,2026-04-01 11:47:55.946934+00
097d4897-73b8-450c-bb6e-5214e73e0e74,TA-7382,MACCHERONCINI UOVO 250g,TARALLORO,2.50,https://gustoraro.gr/wp-content/uploads/2024/01/8003007827382-300x300.jpg,2026-03-28 11:47:48.140172+00
09f55dec-2aaf-4c8f-892b-82e5ef297f7f,FH-7995,SEA SALT & BLACK PEPPER 50g,FARMHOUSE,2.55,https://gustoraro.gr/wp-content/uploads/2025/09/5017162007995-300x300.jpg,2026-03-28 11:47:48.140172+00
0a66d9ad-9e85-46e8-8053-43b021b39259,MJ-7913,WHITE & PISTACCHIO 115g,MAJANI,7.75,https://cdn.store-assets.com/s/351629/i/89130627.jpeg?width=480,2026-03-28 11:47:48.140172+00
0ab94128-aa6c-4f74-86e7-7be39dbbed9e,DI-4249,TRADITIONAL 680g,TARALLORO,3.95,https://www.worldmarket.com/on/demandware.static/-/Sites-wm-master-catalog/default/dw551c2e67/images/large/117139_XXX_v1.jpg,2026-03-28 11:47:48.140172+00
0af73d87-4f57-4116-8c7a-f86cb7b49124,LC-0731,CHEESE & ONION 75g,LONG CHIPS,1.00,https://gustoraro.gr/wp-content/uploads/2023/09/4750127300731-300x300.jpg,2026-03-28 11:14:01.419627+00
0b033cdb-bea7-406e-a8c2-6d739d150955,MB-6591,SUN DRIED TOMATO & BALSAMIC 280g,mrs.BRIDGES,5.95,https://gustoraro.gr/wp-content/uploads/2023/09/637793006591-300x300.jpg,2026-03-28 11:47:48.140172+00
0b269329-a361-4fef-b136-f151b7bdd2a0,NS-3517,PORCINI & TARTUFO 180g,NORDSALSE,3.75,https://gustoraro.gr/wp-content/uploads/2024/01/8003979003517-300x300.jpg,2026-03-28 11:47:48.140172+00
0b832798-6e61-4dc2-9efb-f84569bf0bc6,TJ-0011,QUINOA 200g,TREVIJANO,3.95,https://gustoraro.gr/wp-content/uploads/2024/01/8410770910232-300x300.jpg,2026-03-28 11:47:48.140172+00
0ba36996-1655-49fb-bcff-3c1e65100d87,BR-7550,GOURMET ΧΕΙΡΟΠΟΙΗΤΟ 200g,BRUSA,4.15,https://gustoraro.gr/wp-content/uploads/2024/01/8023192008892-300x300.png,2026-03-28 11:47:48.140172+00
0cc4c877-c41b-4f0b-98db-f8cdd09810a6,CZ-5170,HOT BUFFALO WINGS 85g,CRACKZEL,1.10,https://gustoraro.gr/wp-content/uploads/2024/04/8681042335170-300x300.jpg,2026-03-28 11:47:48.140172+00
0ce2fbd9-1eed-41c4-ab9e-601c473b66e5,MB-0096,LEMON 340g,mrs.BRIDGES,5.95,https://gustoraro.gr/wp-content/uploads/2023/09/5020566700096-300x300.jpg,2026-03-28 11:47:48.140172+00
0cf58409-a6e3-43fc-8582-87d14986c1b8,OD-2514,MILL 190G PURE SEA SALT,SALT ODYSSEY,3.15,https://gustoraro.gr/wp-content/uploads/2024/01/5200113802514-400x400.jpg,2026-04-02 15:17:22.454832+00
0df6ed08-afc7-4192-820b-f79b569ea657,HE-5465,MILK WALNUTS & HONEY 90g,HEIDI,3.35,https://gustoraro.gr/wp-content/uploads/2023/09/5941021025465-300x300.jpg,2026-03-28 11:47:48.140172+00
0e45b01e-cd37-404e-9818-f583aff3cbd1,OD-2637,FLAKES JAR 100G BASIL & GARLIC,SALT ODYSSEY,2.90,https://gustoraro.gr/wp-content/uploads/2024/01/5200113802637.jpg,2026-04-02 15:12:32.61782+00
0e6d12bf-147c-444f-a478-bee652e3c0ed,MJ-4875,ASSORTED - TAKE AWAY 168g,MAJANI,9.90,https://encrypted-tbn0.gstatic.com/images?q=tbn:ANd9GcRBArGDVffJLB_YtOjSlyqGeBYoA2A5xbhmteFkwqs71757A16l9vc-aWy4tmR5b8atcLw&usqp=CAU,2026-03-28 11:47:48.140172+00
0e82d0c5-f5de-4342-8938-c3c3bbf01954,GW-4019,VICTORIAN FLORAL - strawberry & cream 150g,GRANDMA WILDS,7.30,https://gustoraro.gr/wp-content/uploads/2023/09/5019605024019-300x300.jpg,2026-03-28 11:47:48.140172+00
0e8bcc18-417b-4907-aa0d-93dc12a7354b,TJ-0164,TUSCAN 280g,TREVIJANO,3.95,https://gustoraro.gr/wp-content/uploads/2024/01/8410770910294-300x300.jpg,2026-03-28 11:47:48.140172+00
0f274a23-04bf-4830-abb4-fb8cb7dabd58,MB-1601,GINGER & CHILLI 295g,mrs.BRIDGES,5.95,https://gustoraro.gr/wp-content/uploads/2023/09/637793011601-300x300.jpg,2026-03-28 11:47:48.140172+00
0f297a4a-36f2-4be5-807b-d226a42192f8,TJ-1987,THAI STYLE COUS COUS 250g,TREVIJANO,3.90,https://gustoraro.gr/wp-content/uploads/2025/03/8410770911987-300x300.jpg,2026-03-28 11:47:48.140172+00
0f4a7df3-7f7d-4724-ac38-46e077cc6d78,BO-7480,GARLIC 150g,BORGO DI MEDICI,3.80,https://gustoraro.gr/wp-content/uploads/2024/01/8032578557480-300x300.jpg,2026-03-28 11:47:48.140172+00
0fa7ec34-825f-4225-88a1-0f266f549f05,BP-1138,ROSES 70g,BISCUITERIE DE PROVENCE,12.95,https://encrypted-tbn0.gstatic.com/images?q=tbn:ANd9GcQr5EJsw5h5g5gSt67ELElTLpmdn5KNhO6qeg&s,2026-03-28 11:47:48.140172+00
0ff3eb5e-1294-43cc-bb45-f924de06702f,BO-1075,ALFREDO AL TARTUFO 400g,BORGO DI MEDICI,5.55,https://gustoraro.gr/wp-content/uploads/2024/01/8032578551075-300x300.jpg,2026-03-28 11:47:48.140172+00
0ffd9cd2-ddb7-411d-bc18-f3f07f1a9027,ME-0257,ΦΡΕΣΚΩΝ ΛΑΧΑΝΙΚΩΝ - NO ADDED SALT 400g,MAMA IRINE,3.45,https://gustoraro.gr/wp-content/uploads/2025/03/5200126260257-300x300.jpg,2026-03-28 11:47:48.140172+00
10618c66-dfe2-444f-ab35-440ae3133f43,ZU-3256,PEACH 200ml,ZUEGG,1.25,https://gustoraro.gr/wp-content/uploads/2023/09/80043256-600x600.jpg,2026-03-28 11:47:48.140172+00
107a7dc2-3b99-4818-9774-2eb79c85ff10,ZU-3528,NO ADDED SUGAR APPLE & BLUEBERRIES 1000ml,ZUEGG,2.30,https://gustoraro.gr/wp-content/uploads/2023/09/8000340473528.jpg,2026-03-28 11:47:48.140172+00
10989ace-0418-4eac-b441-ba087419ea5c,VD-0799,TOMATO & BASIL 75g,VERDUIJNS,2.50,https://gustoraro.gr/wp-content/uploads/2024/01/8713726300799-300x300.jpg,2026-03-28 11:47:48.140172+00
10b74408-e5d4-403d-b2c7-6e27f4bd7da5,MJ-2340,BIANCO PISTACCHIO & ALMONDS 450g,MAJANI,43.00,https://gustoraro.gr/wp-content/uploads/2025/03/8003288842340-300x300.jpg,2026-03-28 11:47:48.140172+00
10d11942-1330-4c7c-86d3-9714fb323136,SP-1824,VIOLET 100g,SPECULHOUSE,3.00,https://gustoraro.gr/wp-content/uploads/2025/02/SpeculHouse-5425032801824-300x300.png,2026-03-28 11:47:48.140172+00
10f91b25-5c1e-4a25-b860-0ed737d8d494,SB-5178,TOGO 85% 70g,STELLA BERNRAIN,4.15,https://gustoraro.gr/wp-content/uploads/2024/01/7610202435178-300x300.jpg,2026-03-28 11:47:48.140172+00
112b9f88-8250-467c-b546-a0aee0ac8647,GU-1113,TRADITIONAL BUTTER 35g,GOULIBEUR,2.20,https://gustoraro.gr/wp-content/uploads/2024/01/3481718131113-1-300x300.jpg,2026-03-28 11:47:48.140172+00
124ed66c-73e8-4593-826d-5fcca6d13b67,GU-1138,CACAO 150g,GOULIBEUR,5.20,https://gustoraro.gr/wp-content/uploads/2024/01/3481718121138-300x300.jpg,2026-03-28 11:47:48.140172+00
12d67fee-77b1-4816-95ff-8e30f99c62a4,BP-2443,RED BELL PEPPER & ESPELETTE DOP CHILI 90g,BISCUITERIE DE PROVENCE,4.00,https://www.lagrandeepicerie.com/on/demandware.static/-/Sites-lge-master-catalog/default/dw95554bfd/images/DIS/3571318032443_1.jpg,2026-03-28 11:47:48.140172+00
135cd264-aaea-4a3a-be4e-883fa56dca79,BE-5552,ALMONDS 25% 250g,BELLI,3.35,https://gustoraro.gr/wp-content/uploads/2024/01/8003655555552-300x300.jpg,2026-03-28 11:47:48.140172+00
141fd8a6-a7ac-4d8f-8e4d-0693bb8ae22a,OD-2378,ΝΙΦΑΔΕΣ ΑΛΑΤΙ 75G ME ΡΙΓΑΝΗ ΒΙΟΛΟΓΙΚΗ,SALT ODYSSEY,2.55,https://gustoraro.gr/wp-content/uploads/2024/01/5200113802378-400x400.jpg,2026-04-02 15:21:05.549205+00
14226b18-209e-4aa1-a72b-37899919e9c0,DC-0319,BOX tricolore PRINCESS 250g,DALLA COSTA,2.15,https://gustoraro.gr/wp-content/uploads/2024/01/8016419400319-300x300.png,2026-03-28 11:47:48.140172+00
1424f385-b1b1-44ae-af16-0bc424115ffc,DC-0298,Sea Life tricolori 250g,DALLA COSTA,1.85,https://shop.pastadallacosta.it/cdn/shop/files/1304s6924dca-dalla-costa-sea-life-pasta-tricolore-pomodoro-e-spinaci-250gr.jpg?v=1760839480&width=480,2026-03-28 11:47:48.140172+00
145d730d-28ae-4cff-95a7-498e3b88f645,ZZ-1516,TOMATO 100g,CHAZZ,2.40,https://gustoraro.gr/wp-content/uploads/2025/03/4779047981516-300x300.jpg,2026-03-28 11:47:48.140172+00
149ef7a9-05f2-447d-87f7-f6fe003008d6,HE-3203,MINT & LEMON 80g,HEIDI,2.75,https://gustoraro.gr/wp-content/uploads/2023/09/5941021003203-300x300.jpg,2026-03-28 11:47:48.140172+00
15260507-0b58-4e03-81f4-5258c8f5ed2d,ZU-0611,NO ADDED SUGAR FOREST FRUITS 330ml,ZUEGG,1.30,https://gustoraro.gr/wp-content/uploads/2023/09/800040450611.jpg,2026-03-28 11:47:48.140172+00
152a9fb3-a3c0-4b41-bac2-b6edeb73c3f7,RI-0003,LENTILS & SMOKED SALT 95g,RISI,2.80,https://risi.es/static/img/productos/mios-sal-pimienta.png,2026-03-28 11:47:48.140172+00
15f48674-f5a5-495a-8b87-2c84dd1c5e79,MJ-70553,FONDENTE SUGAR FREE 30G,MAJANI,1.45,https://www.mercatogourmet.com.hk/cdn/shop/files/Untitleddesign-2023-09-20T154435.334_grande.png?v=1695195977,2026-03-28 11:47:48.140172+00
15fbbd59-d4f0-47a6-bf83-e5c190d36fc8,BB-6935,HONEY CHIPOTLE 510g,SWEET BABY RAY'S,4.95,https://gustoraro.gr/wp-content/uploads/2023/09/0013409516935-300x300.jpg,2026-03-28 11:47:48.140172+00
16b8dc03-ece5-49ab-97e3-97647cd2f9ae,ZU-2432,ΒΕΡΙΚΟΚΟ SF 200ml,ZUEGG,1.25,https://gustoraro.gr/wp-content/uploads/2024/03/80982432-600x600.jpg,2026-03-28 11:47:48.140172+00
16d3f8d3-023d-408e-b805-9eceabd89de7,KE-1191,TRUFFLE & BUTTER 125G,KEOGHS,3.00,https://gustoraro.gr/wp-content/uploads/2023/09/5391527731191-300x300.jpg,2026-03-28 11:47:48.140172+00
170082d0-73a3-4e4d-aada-8181f7c6770c,BO-7657,WILD BERRIES 100g,BORGO DI MEDICI,4.75,https://gustoraro.gr/wp-content/uploads/2025/09/8032578557657-300x300.jpg,2026-03-28 11:47:48.140172+00
17254b8b-9ecb-4100-832b-5d34aac7c8a3,MJ-9902,GIANDUJA 30G,MAJANI,1.45,https://valentinadeli.co.uk/cdn/shop/files/00_3299_0000_000.jpg?v=1730294624&width=480,2026-03-28 11:47:48.140172+00
1747656d-3efe-4589-bea0-dfd20536ff7a,GU-1137,TOMATO & BASIL 35g,GOULIBEUR,2.20,,2026-03-28 11:47:48.140172+00
177ea71f-21f3-41ef-a6a1-3b609f3082a4,ZU-3411,ΦΡΟΥΤΑ ΤΟΥ ΔΑΣΟΥΣ SF 200ml,ZUEGG,1.25,https://gustoraro.gr/wp-content/uploads/2024/03/8000340003411.jpg,2026-03-28 11:47:48.140172+00
17fd3acb-6e77-48ed-8cb9-16f847d1c2ab,BO-2652,ITALIAN SOFT CAKE TIRAMISU 450g,BORGO DI MEDICI,6.75,https://gustoraro.gr/wp-content/uploads/2024/10/GUS13-300x300.jpg,2026-03-28 11:47:48.140172+00
1842ce9c-c4c5-489d-8fa8-cc7e8acb4b52,BO-7466,BIO FARFALLE ZUCCA & CAROTA NERA 250g,BORGO DI MEDICI,6.10,https://beriksson.se/media/goumt1xj/borgo-di-medici-season-autumn-pasta-pumpa-morot-produktbild-beriksson.jpg?mode=pad&width=720&height=720&format=jpg&bgcolor=ffffff&quality=80&sharpen=true,2026-03-28 11:47:48.140172+00
188e03d0-beb2-4628-8579-c543f241846e,HE-2303,SOUR CHERRY 80g,HEIDI,2.75,https://gustoraro.gr/wp-content/uploads/2023/09/5941021022303-300x300.jpg,2026-03-28 11:47:48.140172+00
195a80a2-94eb-4efb-b056-7a7cd7bb296a,BP-2412,CRANBERRIES & GRAINES 120g,BISCUITERIE DE PROVENCE,4.00,https://encrypted-tbn0.gstatic.com/images?q=tbn:ANd9GcSZe_32A5IbltwU_5Tz_fy8Hyy0GG5LLbhlFA&s,2026-03-28 11:47:48.140172+00
1b263189-d05a-45ac-99d0-a29cae3e2fbb,DI-3866,PORCINI MASHROOMS 350g,TARALLORO,2.90,https://taralloro.it/wp-content/uploads/2023/11/SUGO-AI-FUNGHI-PORCINI.png,2026-03-28 11:47:48.140172+00
1b4a5a8c-4335-4910-ad2e-2d0297390f0e,PI-3774,PUTANESCA 350g,TARALLORO,2.90,https://taralloro.it/wp-content/uploads/2023/11/SUGO-ALLA-PUTTANESCA.png,2026-03-28 11:47:48.140172+00
1b728de6-a0b4-4d25-9a98-34af12b5229d,PI-7097,"MILK CHOCO , MARZIPAN & APRICOT 175g",PISCHINGER,5.75,https://encrypted-tbn0.gstatic.com/images?q=tbn:ANd9GcSubb51zcjUCOnTuGYPvvXQUT4Fjb3n24AFMw&s,2026-03-28 11:47:48.140172+00
1b739f72-1743-4cc8-bc63-2881c584dbe0,HE-4192,RASPBERRY 80g,HEIDI,2.75,https://gustoraro.gr/wp-content/uploads/2023/09/5941021024192-300x300.jpg,2026-03-28 11:47:48.140172+00
1bed13fb-9767-40c1-a8c3-d6fb4b6b83fc,MB-1464,RED PEPPER & GALIC SALSA 200g,mrs.BRIDGES,4.45,https://gustoraro.gr/wp-content/uploads/2023/09/637793021464-300x300.jpg,2026-03-28 11:47:48.140172+00
1bf155f6-8e52-4f42-b551-fe7bde08dbca,BP-2068,SALTED BUTTER CARAMEL 120g,BISCUITERIE DE PROVENCE,4.00,https://encrypted-tbn0.gstatic.com/images?q=tbn:ANd9GcRLd4K3I9-8OvAGg_ddBoOHixGzsZffl2z5hw&s,2026-03-28 11:47:48.140172+00
1bfbb736-f862-48fe-9f89-7c285e6e9fe0,VD-1307,ARRABBIATA 75g,VERDUIJNS,2.50,https://foodelicious.nl/wp-content/uploads/2026/02/6761-Verduijns-Fine-Biscuits-Arrabbiata-Wafels-75-g.webp,2026-03-28 11:47:48.140172+00
1c60ccb7-b4c7-44dc-a88d-06796b3aee50,GD-4372,BURGER 120g,GUDOBELE,1.85,https://chazzchips.com/cdn/shop/files/BONCHANCEBURGER120G..jpg?v=1748427447&width=1500,2026-03-28 11:47:48.140172+00
1c8916dd-a31d-4849-87f5-3ba818ad98f3,HE-9358,MILK CHOCOLATE FIGURINE - SANTA CLAUS 190g,HEIDI,7.90,https://gustoraro.gr/wp-content/uploads/2024/10/5941021019358-300x300.jpg,2026-03-28 11:47:48.140172+00
1c9d7e77-a8a3-493a-9a97-ae569b888bf9,MB-1440,SPICY TOATO SALSA 200g,mrs.BRIDGES,4.45,https://gustoraro.gr/wp-content/uploads/2023/09/637793021440-300x300.jpg,2026-03-28 11:47:48.140172+00
1caff3a7-32b1-4736-b7e5-c571cce50c56,HE-5489,COCONUT 90g,HEIDI,2.95,,2026-03-28 11:47:48.140172+00
1cd07187-c16a-43b1-b95e-fa2b296d1aef,KE-0013,SHAMROCK & SOUR CREAM 125g,KEOGHS,2.72,https://gustoraro.gr/wp-content/uploads/2023/09/5390248540013-300x300.jpg,2026-03-28 11:47:48.140172+00
1de2ec3d-0735-4654-8fa3-4c40cd7ab60c,OD-2361,ΝΙΦΑΔΕΣ ΑΛΑΤΙ 75G ΜΕ ΛΕΜΟΝΙ,SALT ODYSSEY,2.45,https://gustoraro.gr/wp-content/uploads/2024/01/5200113802361-400x400.jpg,2026-04-02 15:22:09.780221+00
1de3f097-5a28-4a24-9ce9-9a347ec1ce46,OD-2545,MILL 160G MEDITERRANEAN HERBS,SALT ODYSSEY,3.15,"https://gustoraro.gr/wp-content/uploads/2024/01/5200113802545-400x400.jpg
",2026-04-02 15:14:51.096597+00
1e04cbe2-516f-4ab3-a5bf-c522cec46463,BO-9774,WITH TUSCAN HERBS 165g,BORGO DI MEDICI,3.55,https://gustoraro.gr/wp-content/uploads/2025/09/8032578559774-300x300.jpg,2026-03-28 11:47:48.140172+00
1e328efb-4645-4692-8ba1-f8fa56b18601,MB-1228,CLASSIC 180g,mrs.BRIDGES,4.45,https://gustoraro.gr/wp-content/uploads/2023/09/637793021228-300x300.jpg,2026-03-28 11:47:48.140172+00
1ea311fe-3506-4cdc-b616-fc495fbca296,TA-7689,COCCO & CHOCO 100g,TARALLORO,2.30,https://gustoraro.gr/wp-content/uploads/2024/01/8003007827689-300x300.jpg,2026-03-28 11:47:48.140172+00
1f0800de-1350-404b-ab35-27e6bb5af868,HE-3623,APPLE & CINNAMON 90g,HEIDI,2.95,https://gustoraro.gr/wp-content/uploads/2024/01/5941021003623-300x300.jpg,2026-03-28 11:47:48.140172+00
1f6cc0ab-42bb-4c71-8e58-57a927d26e14,DC-2315,Maccheroni 5 colori 300g,DALLA COSTA,3.00,https://shop.pastadallacosta.it/cdn/shop/files/Maccheroni_5colori_Pack_Dalla_Costa.jpg?v=1772210922,2026-03-28 11:47:48.140172+00
1fd299a9-b67f-4e34-be3b-cb30c9e2f03a,MB-5288,"TOMATO , CHILLI & HONEY 205g",mrs.BRIDGES,4.45,https://gustoraro.gr/wp-content/uploads/2023/09/637793025288-300x300.jpg,2026-03-28 11:47:48.140172+00
1ffb79a4-6c4a-4d88-8f5a-5704dcf60aee,LC-0632,GRILLED PAPRIKA 75g,LONG CHIPS,1.00,https://gustoraro.gr/wp-content/uploads/2023/09/4750127300632-300x300.jpg,2026-03-28 11:14:01.419627+00
21aa6d97-8ef5-4362-8865-47b60e4c4970,GD-3856,MASHROOM 120g,GUDOBELE,1.85,https://gustoraro.gr/wp-content/uploads/2024/01/4770350023856-300x300.jpg,2026-03-28 11:47:48.140172+00
21fcc796-3aff-47ad-82a8-c881ad1a1457,TA-6323,TAGLIOLINA AL LIMONE 250g,TARALLORO,3.05,https://gustoraro.gr/wp-content/uploads/2025/09/8003007828303-300x300.jpg,2026-03-28 11:47:48.140172+00
224d76ed-195b-4780-b725-b8056edb1b73,MB-5676,BANOFFEE 340g,mrs.BRIDGES,5.95,https://gustoraro.gr/wp-content/uploads/2023/09/5025692125676-300x300.jpg,2026-03-28 11:47:48.140172+00
22f01eaf-a370-4cea-a9f9-9a8d335e48c4,BO-7169,CANTUCCINI 1215g,BORGO DI MEDICI,26.60,https://gustoraro.gr/wp-content/uploads/2024/01/8032578557169-300x300.jpg,2026-03-28 11:47:48.140172+00
23065a5a-fe22-4b73-a599-40f7c79b8ad3,CP-0082,LEMON & DILL 180g,CUISINE PROVENCALE,4.45,https://gustoraro.gr/wp-content/uploads/2025/02/La-Cuisine-Provencale-3302768100082-300x300.png,2026-03-28 11:47:48.140172+00
2390d3dc-85d5-4679-a425-429daff7ac7e,MJ-2405,LEMON PEELS & DARK CHOCOLATE 100g,MAJANI,9.90,https://shop.majani.com/wp-content/uploads/2025/10/00_2824_0025_000-600x600.jpg,2026-03-28 11:47:48.140172+00
240b3e4d-e037-4074-b3b7-4bd15b172e47,MB-1161,MANGO WITH LIME & GINGER 290g,mrs.BRIDGES,5.95,https://gustoraro.gr/wp-content/uploads/2023/09/5020566701161-300x300.jpg,2026-03-28 11:47:48.140172+00
243645a6-a640-4a8b-a97e-ab30d6499a54,DC-0326,BOX caserecci MICKEY MOUSE 250g,DALLA COSTA,2.15,https://gustoraro.gr/wp-content/uploads/2024/01/8016419400326-300x300.png,2026-03-28 11:47:48.140172+00
2455f0ed-6dce-490c-bcfd-aec606a2ea7b,BP-1152,MINTS 70g,BISCUITERIE DE PROVENCE,12.95,,2026-03-28 11:47:48.140172+00
24a169f0-e159-4dd8-9182-a30eebe8d761,GU-0055,CHEDDAR 100g,GOULIBEUR,3.15,https://cdn11.bigcommerce.com/s-arl5b/images/stencil/500x659/products/2224/13642/GoulibeurSableChedar__94427.1750695348.png?c=2,2026-03-28 11:47:48.140172+00
24dd3d52-b649-4aac-af39-f5adfece9d43,BB-7321,HONEY 510g,SWEET BABY RAY'S,4.95,https://gustoraro.gr/wp-content/uploads/2023/09/0013409517321-300x300.jpg,2026-03-28 11:47:48.140172+00
24e09823-a2d4-4157-87bd-adbc6a0006e1,BO-7091,CAPPUCINO 250g,BORGO DI MEDICI,3.95,https://gustoraro.gr/wp-content/uploads/2024/01/8032578557091-300x300.jpg,2026-03-28 11:47:48.140172+00
24ff5643-5c05-4833-ba36-f7aa2a77214a,BO-6216,MUSTARD WITH BLACK TRUFFLE 100g,BORGO DI MEDICI,7.95,https://borgodemedici.us/sites/default/files/styles/product_sm/public/img/products/img/Mustard.jpg?itok=MJ8KIXeV,2026-03-28 11:47:48.140172+00
2577ddb2-5579-4de9-a900-d964d586699c,TA-7702,ARANCIA & CHOCO 100g,TARALLORO,2.30,https://gustoraro.gr/wp-content/uploads/2024/01/8003007827702-300x300.jpg,2026-03-28 11:47:48.140172+00
25d5434c-697d-4037-b71c-810913bcf8f3,BO-6025,TOMATO SAUCE PIZZA 690g,BORGO DI MEDICI,3.40,https://gustoraro.gr/wp-content/uploads/2025/09/8032578556025-300x300.jpg,2026-03-28 11:47:48.140172+00
25d6861e-2721-420e-b867-6a1a8bff8c65,BO-5141,PANETTONE RUSTIC LIMONCELLO 750g,BORGO DI MEDICI,21.00,https://borgodemedici.us/sites/default/files/styles/product_sm/public/img/products/img/bdmp2204-panettone-limoncello-cream-filled-cake.jpg?itok=LkucXEuS,2026-03-28 11:47:48.140172+00
25edb563-3c7e-404d-99fe-2de3ebffab9e,TA-8297,BUCATINI RIGATI NATURAL FLAVOR 250g,TARALLORO,2.95,,2026-03-28 11:47:48.140172+00
25ff6579-cefe-40c3-8a13-f9aa399b051d,BP-2467,ROQUEFORT DOP & WALNUTS 90g,BISCUITERIE DE PROVENCE,4.00,https://encrypted-tbn0.gstatic.com/images?q=tbn:ANd9GcTf6CaNF-3d4XRyXobO1ckMTDUSnF84OgOd9Q&s,2026-03-28 11:47:48.140172+00
26231102-51c3-4326-9eed-efeac9713c11,BO-3130,ITALIAN SOFT CAKE PISTACHIO 450g,BORGO DI MEDICI,6.75,https://gustoraro.gr/wp-content/uploads/2024/10/GUS14-300x300.jpg,2026-03-28 11:47:48.140172+00
264ef80e-4829-43da-b97c-d467965e79a3,ZU-2154,MANGO 200ml,ZUEGG,1.25,https://gustoraro.gr/wp-content/uploads/2023/09/80242154-600x600.jpg,2026-03-28 11:47:48.140172+00
2685aecd-e5ff-4cbb-9089-1a66c66fcf3b,KE-1764,GUINESS FLAME GRILLED STEAK 125g,KEOGHS,3.00,https://gustoraro.gr/wp-content/uploads/2025/05/5391527731764-300x300.jpg,2026-03-28 11:47:48.140172+00
26a0f53d-7b9a-4252-a053-f2b7f65a3c39,MJ-5500,FETTA DI SALAME 45g,MAJANI,1.55,https://shop.majani.com/wp-content/uploads/2024/10/00_0955_0000_000-1-600x600.jpg,2026-03-28 11:47:48.140172+00
26a78505-a443-4362-9893-23236680f6b4,GM-0935,"BAR RASPBERRY 50G ",GAM'S PROTEIN,0.00,https://suplementosalmayor.cl/wp-content/uploads/2025/04/Gams_B_raspberry-1.webp,2026-04-01 11:48:15.426204+00
26e7bbac-1eed-41e1-995f-c811ce1219ec,CP-0143,BEURRE BLANC CITRON 180g,CUISINE PROVENCALE,4.95,https://gustoraro.gr/wp-content/uploads/2025/02/La-Cuisine-Provencale-3302768100143-300x300.png,2026-03-28 11:47:48.140172+00
273e20e7-d5a7-4f6a-86c9-3f743ee398a7,KE-1320,BUTTER & SEA SALT 90g,KEOGHS,3.00,https://gustoraro.gr/wp-content/uploads/2023/09/5391527731320-300x300.jpg,2026-03-28 11:47:48.140172+00
278caa36-7da0-4c80-9bdb-8b6529b23f21,VI-2376,MINI STICKS-CHEESE COMPTE 75g,BON VIVANT,2.90,https://encrypted-tbn0.gstatic.com/images?q=tbn:ANd9GcS-c77Pyky8uDxwCCkYyMPPQ7cOypbWKX5rFw&s,2026-03-28 11:47:48.140172+00
2813e599-dc89-489f-b114-6ccc9f86bc00,DC-2605,SMILEY WORLD  tricolore 250g,DALLA COSTA,1.85,https://gustoraro.gr/wp-content/uploads/2025/09/8016419002605-300x300.jpg,2026-03-28 11:47:48.140172+00
28b541fe-acc2-4dd6-bdb6-75897c549714,LC-0700,WASABI 75g,LONG CHIPS,1.00,https://gustoraro.gr/wp-content/uploads/2023/09/4750127300700-300x300.jpg,2026-03-28 11:14:01.419627+00
28c45e75-9692-4b53-aadd-38e54cbb23d3,SB-6744,WHITE VANILLE 100g,STELLA BERNRAIN,4.45,https://gustoraro.gr/wp-content/uploads/2025/03/7610202476744-300x300.jpg,2026-03-28 11:47:48.140172+00
2909763b-07f7-4889-b4be-62eecb4dc1b0,BO-2775,PANETTONE CLASSIC CARTON BOX 500g 500g,BORGO DI MEDICI,12.00,https://borgodemedici.us/sites/default/files/styles/product_sm/public/img/products/img/panettone-classico-500g-bdm-alto2.jpg?itok=1i3fVGDv,2026-03-28 11:47:48.140172+00
29682fe5-7e62-4259-ae99-bbae5111f955,MJ-9503,CLASSIC FIAT 85g,MAJANI,4.40,https://gustoraro.gr/wp-content/uploads/2024/01/8003288289503-300x300.jpg,2026-03-28 11:47:48.140172+00
2976e5de-6ae3-4d3d-9d0a-8fbb7542c079,TA-2745,AL SESAMO 250g,TARALLORO,3.30,https://gustoraro.gr/wp-content/uploads/2024/01/8003007822745-300x300.jpg,2026-03-28 11:47:48.140172+00
29e9936e-535f-4271-afdb-1bef35c2080f,GD-4631,PIZZA 70g,GUDOBELE,1.20,https://gustoraro.gr/wp-content/uploads/2025/06/4770350024631_1080x1080-300x300.jpg,2026-03-28 11:47:48.140172+00
2a170ae5-21f3-41ad-8909-9cd865c12785,HU-2493,WHITE TRUFFLE & CHEESE IN TUBE 150g,HUNTERS,4.15,https://gustoraro.gr/wp-content/uploads/2023/09/4571311422493-300x300.jpg,2026-03-28 11:47:48.140172+00
2a6a4952-8386-4e1c-9a5f-4b8be0cbcbe8,BO-1822,BISCOTTONI VANILLA 240g,BORGO DI MEDICI,5.75,https://borgodemedici.us/sites/default/files/styles/product_sm/public/img/products/img/bd2550.jpg?itok=a3Iu5PHg,2026-03-28 11:47:48.140172+00
2ab00c21-e0ca-4482-b8b1-dbb063f0b88a,CZ-6054,HABANERO & LIME 85g,CRACKZEL,1.50,https://gustoraro.gr/wp-content/uploads/2025/05/8681042336054-300x300.jpg,2026-03-28 11:47:48.140172+00
2ae90d98-c0b3-4683-b244-c71aaaef1f1a,HU-9354,FOIE GRAS 150g,HUNTERS,4.15,https://gustoraro.gr/wp-content/uploads/2023/09/733603099354-300x300.jpg,2026-03-28 11:47:48.140172+00
2b15e47b-918e-402f-a2e4-becce8aa1195,ME-0059,ΦΡΕΣΚΩΝ ΛΑΧΑΝΙΚΩΝ-VEGAN - NO ADDED SALT 400g,MAMA IRINE,3.45,https://gustoraro.gr/wp-content/uploads/2025/03/5200126260059-300x300.jpg,2026-03-28 11:47:48.140172+00
2b9e66c0-c6ae-4ca2-a6e8-0327e6a7baa5,HE-1161,RASPBERRY 80g,HEIDI,2.75,https://gustoraro.gr/wp-content/uploads/2023/09/5941021011161-300x300.jpg,2026-03-28 11:47:48.140172+00
2bba5e70-7b86-42f4-8e31-edbb55977545,RI-1789,JAMON 125g,RISI,1.90,https://encrypted-tbn0.gstatic.com/images?q=tbn:ANd9GcS9tfFnHTWuSYVl8n5bwnMFRcaooT5M2ZqRCw&s,2026-03-28 11:47:48.140172+00
2bea8754-9f15-4546-9708-747500f9a57a,OD-2590,FLAKES JAR 100G BLACK JAR,SALT ODYSSEY,2.90,https://gustoraro.gr/wp-content/uploads/2024/01/5200113802590.jpg,2026-04-02 15:13:17.216108+00
2c3713a1-07bf-4162-8c10-3e03f8a217b0,FH-7988,HONEY & CHILI 50g,FARMHOUSE,2.55,https://gustoraro.gr/wp-content/uploads/2025/09/5017162007988-300x300.jpg,2026-03-28 11:47:48.140172+00
2c75b595-0e21-4c76-8483-0705d9f091e4,MJ-2151,PETALI D' AMORE 115g,MAJANI,7.75,https://mmedia.eataly.net/media/catalog/product/6/2/624588_image_petalimaj1_91c4.jpg,2026-03-28 11:47:48.140172+00
2cde30bd-4baa-4c6c-be00-83b1be4dbc94,SB-3226,DARK 70% MADAGASCAR 70g,STELLA BERNRAIN,4.15,https://gustoraro.gr/wp-content/uploads/2025/03/7610148003226-300x300.jpg,2026-03-28 11:47:48.140172+00
2ce73a6d-3c02-471c-b083-99ab03315942,ZU-9529,STRAWBERRY & IBISCUS 500ml,ZUEGG,1.35,https://gustoraro.gr/wp-content/uploads/2025/06/8000340009529_1080x1080-1024x1024.jpg,2026-03-28 11:47:48.140172+00
2d6fc76b-287b-4d39-b92d-2380df92ece6,HE-6622,GREEN APPLE 80g,HEIDI,2.75,,2026-03-28 11:47:48.140172+00
2e1eb5c3-130d-4468-9b57-2ed853c7f6d5,OD-2613,FLAKES JAR 100G BIO OREGANO,SALT ODYSSEY,2.90,https://gustoraro.gr/wp-content/uploads/2024/01/5200113802613.jpg,2026-04-02 15:12:52.04798+00
2e3ae16f-de2a-444d-9cd4-9bc19957b4cc,ZU-3443,"NO ADDED SUGAR APPLE,GRAPES & FORREST FRUITS 1000ml",ZUEGG,2.30,https://gustoraro.gr/wp-content/uploads/2023/09/8000340473443.jpg,2026-03-28 11:47:48.140172+00
2e3df1e9-79a7-4c55-be75-1b6f87785dda,FH-7612,MILK CHOCO & OAT CRUMBLES 160g,FARMHOUSE,5.95,https://gustoraro.gr/wp-content/uploads/2024/03/5017162007612-300x300.jpg,2026-03-28 11:47:48.140172+00
2e55e9c9-02cd-4a1c-8d0f-ab6e0cbcf3a7,DC-2469,FUSILLI PROTEIN 30% 250g,DALLA COSTA,2.45,https://gustoraro.gr/wp-content/uploads/2025/09/8016419002469-300x300.jpg,2026-03-28 11:47:48.140172+00
2f2d9e2a-abeb-440c-a911-b53259ee50f6,MB-6607,"PEAR, ALE & GINGER 300g",mrs.BRIDGES,5.95,https://gustoraro.gr/wp-content/uploads/2023/09/637793006607-300x300.jpg,2026-03-28 11:47:48.140172+00
2f64e56b-901e-4c22-be26-999e68db7d21,PI-5029,SISSI - MILK CHOCO & HAZELNUT BRITTLE 45g,PISCHINGER,1.95,https://pischinger.at/wp-content/uploads/2018/01/PI_1502_webKrok_WrToertchenSissi_540x414.png,2026-03-28 11:47:48.140172+00
2fc7a6d4-d5d7-4bac-9a74-0e6cd74f7b14,MB-1341,"CHIPOTLE, BEAN & CHILLI 290g",mrs.BRIDGES,5.95,https://gustoraro.gr/wp-content/uploads/2023/09/637793021341-300x300.jpg,2026-03-28 11:47:48.140172+00
2fe7707b-ba7c-4b27-8d68-da5b91ad5b2b,BO-6346,STRACCIATELLA 180g,BORGO DI MEDICI,4.55,https://gustoraro.gr/wp-content/uploads/2024/01/8032578556346-300x300.jpg,2026-03-28 11:47:48.140172+00
2fed0d26-7347-488a-8a0b-13c1d14843bd,MJ-0311,CLASSICA 30G,MAJANI,1.45,https://www.confiserieklein.de/images/product_images/popup_images/majani-trinkschokolade-klassisch-30g.jpg,2026-03-28 11:47:48.140172+00
30233062-bd4d-484a-a489-362352256403,HE-4208,STRAWBERRY 80g,HEIDI,2.75,https://gustoraro.gr/wp-content/uploads/2023/09/5941021024208-300x300.jpg,2026-03-28 11:47:48.140172+00
30315681-6a89-4e13-8ae5-2e75ceda8a74,MJ-9473,EXTRA DARK 58g,MAJANI,3.90,https://gustoraro.gr/wp-content/uploads/2024/01/8003288289473-300x300.jpg,2026-03-28 11:47:48.140172+00
30693210-1ec0-4a63-b759-601e7ca6bac8,PI-5005,CLASSIC - MILK CHOCO & HAZELNUT BRITTLE 45g,PISCHINGER,1.95,https://pischinger.at/wp-content/uploads/2018/01/PI_1506_webKrok_WrToertchen_540x414.png,2026-03-28 11:47:48.140172+00
30c356cb-ac13-49eb-b7b9-db3cfeb9fd2e,GM-1697,GINGER SHOT APPLE & LEMON 60ML,GAM'S PROTEIN,0.00,https://berezka.cy/images/berezka/0094807_1.jpg,2026-04-01 11:54:06.608937+00
31bde8fc-b2b6-4c64-bdfd-66076e2b8408,GW-4026,VICTORIAN FLORAL - ginger & lemon 150g,GRANDMA WILDS,7.30,https://gustoraro.gr/wp-content/uploads/2023/09/5019605024026-300x300.jpg,2026-03-28 11:47:48.140172+00
3207116c-b183-472b-888b-898d37674597,MB-1402,SMOKEY BARBEQUE 230g,mrs.BRIDGES,4.45,https://gustoraro.gr/wp-content/uploads/2023/09/637793021402-300x300.jpg,2026-03-28 11:47:48.140172+00
321fd88f-6ed2-4f4a-9449-af29127442de,FH-4857,OAT CRUNCH 150g,FARMHOUSE,3.15,https://gustoraro.gr/wp-content/uploads/2024/01/5017162004857-300x300.png,2026-03-28 11:47:48.140172+00
325d9b1c-8da9-4b78-b723-884ddfdef45c,ZO-0207,100% 1000g,ZOTTER,39.00,https://www.zotter.at/fileadmin/media_data/shop/basic-kuvertueren/18151-100-cacao-vegan-1000-fine-couverture-1--en.jpg,2026-03-28 11:47:48.140172+00
32a46b4d-e3cf-42f6-92a9-accb21f140c5,VI-0488,TWISTS- TOMATO & HERBS 60g,BON VIVANT,2.90,https://cdn.faire.com/fastly/0b97136df779f32c9901a5cabd441420922d42a3a2d013f9da44b75849d797dc.png?bg-color=FFFFFF&dpr=1&fit=crop&format=jpg&height=720&width=720,2026-03-28 11:47:48.140172+00
32cb0d42-5ded-46bc-819a-9b4180600d4d,LC-0662,SHIS KEBAB 75g,LONG CHIPS,1.00,https://gustoraro.gr/wp-content/uploads/2025/05/4750127000662-300x300.jpg,2026-03-28 11:14:01.419627+00
32ed9bb2-e772-47f5-a816-2b8f9c61e9e5,RI-3784,KETCHUP 105g,RISI,1.90,https://risi.es/static/img/productos/match-ball-ketchup.png,2026-03-28 11:47:48.140172+00
32ef1f2c-df09-487a-ae96-1ff636c1b5bb,MB-6675,CHILLI JAM 310g,mrs.BRIDGES,6.30,https://gustoraro.gr/wp-content/uploads/2023/09/637793016675-300x300.jpg,2026-03-28 11:47:48.140172+00
331ff70b-31d7-4ac9-bb24-d04295d7a091,GU-1020,LEMON 100g,GOULIBEUR,3.15,https://gustoraro.gr/wp-content/uploads/2024/01/3481712721020-300x300.jpg,2026-03-28 11:47:48.140172+00
3332e5e5-532d-464b-99ad-ae3049fd5e5a,GM-0911,BAR CHOCOLATE 50G,GAM'S PROTEIN,0.00,"https://m.media-amazon.com/images/I/71eCXtW61nL._AC_UF894,1000_QL80_.jpg",2026-04-01 11:47:45.606879+00
33502e35-1d6e-48d8-9c6b-773d68d31fb1,SB-6951,MILK AND PRETZEL 33g,STELLA BERNRAIN,1.95,https://mahlerundco.ch/12386-large_default/milk-pretzel.jpg,2026-03-28 11:47:48.140172+00
33c66b30-f3ce-4548-adf1-da48a2eee495,ZO-5794,RED WINE 70g,ZOTTER,4.75,https://encrypted-tbn0.gstatic.com/images?q=tbn:ANd9GcQu8Dzf0qs6BZyWCq4mpLG0VjKRWSETtNb17w&s,2026-03-28 11:47:48.140172+00
3452c8c5-c1a8-433b-a250-b08693c2870f,TA-7313,PENNETTE PEPERONCINO 250g,TARALLORO,2.50,https://gustoraro.gr/wp-content/uploads/2024/01/8003007827313-300x300.jpg,2026-03-28 11:47:48.140172+00
347fe42a-3682-4a9e-ab77-91a5758f4a30,DC-8114,TRAVEL tricolori 250g,DALLA COSTA,1.85,https://gustoraro.gr/wp-content/uploads/2024/01/8016419128114-300x300.jpg,2026-03-28 11:47:48.140172+00
348d5059-82a2-4f90-8bf7-73066e75a0f2,TA-8310,TAGLIATELLE PUMPKIN 250g,TARALLORO,2.95,,2026-03-28 11:47:48.140172+00
34e23293-3e00-46df-b4b1-c6da35fba696,ZO-8562,CHEESECAKE 70g,ZOTTER,4.75,https://www.zotter.at/fileadmin/media_data/shop/handgeschoepft/16968-cheesecake-hand-scooped-1-en.jpg,2026-03-28 11:47:48.140172+00
36207bea-1428-4f04-aa6a-6e02d4a35807,SM-1210,COFFEE 175g,SIMPKINS,2.90,https://gustoraro.gr/wp-content/uploads/2024/04/5011563211210-300x300.jpg,2026-03-28 11:47:48.140172+00
364c44b3-baa1-4f0d-b0b4-b294423f743f,CV-1329,MINI WITH SEA SALT & BLACK PEPPER 120g,VECHIO MULINO,3.95,https://gustoraro.gr/wp-content/uploads/2023/09/8025848131329-300x300.jpg,2026-03-28 11:47:48.140172+00
36732c59-e817-4c35-9130-5493a1ff3ac2,MB-5655,GINGER 340g,mrs.BRIDGES,5.95,https://gustoraro.gr/wp-content/uploads/2023/09/637793005655-300x300.jpg,2026-03-28 11:47:48.140172+00
36a70e9b-3f4c-40df-b4d6-aae92fadc6dc,BO-4687,PISTACCHIO 100g,BORGO DI MEDICI,4.90,https://gustoraro.gr/wp-content/uploads/2024/01/8032578554687-300x300.jpg,2026-03-28 11:47:48.140172+00
37578919-733e-4940-b110-66699e1c0cea,BO-4649,TOMATO SAUCE WITH BLACK OLIVES 530g,BORGO DI MEDICI,5.55,https://gustoraro.gr/wp-content/uploads/2025/09/8032578554649-300x300.jpg,2026-03-28 11:47:48.140172+00
37881ca9-7504-4760-886f-f7d36fdf9c44,SP-1862,PRALINE 100g,SPECULHOUSE,3.00,https://gustoraro.gr/wp-content/uploads/2025/02/SpeculHouse-5425032801862-300x300.png,2026-03-28 11:47:48.140172+00
37c4af17-40d8-4254-b569-355d78bb5fc2,DC-1745,SPORT red lentils GLUTEN FREE 250g,DALLA COSTA,3.05,https://gustoraro.gr/wp-content/uploads/2024/01/8016419001745-300x300.jpg,2026-03-28 11:47:48.140172+00
37c7d8fe-0723-477e-9f06-48a73072caee,VD-1208,PARMESAN WITH BASIL & GARLIC 75g,VERDUIJNS,2.50,https://gustoraro.gr/wp-content/uploads/2024/01/8713726301208-300x300.jpg,2026-03-28 11:47:48.140172+00
37cf0112-bfcb-49e5-81ef-a1be3a150e90,LC-0594,CREAMY MASHROOM 75g,LONG CHIPS,1.00,https://gustoraro.gr/wp-content/uploads/2025/02/4750127000594-300x300.png,2026-03-28 11:14:01.419627+00
397ea03a-c12d-4f73-87a1-cca83627f585,ZO-7826,ESPRESSO MACCHIATO 70g,ZOTTER,4.75,https://www.zotter.at/fileadmin/media_data/shop/handgeschoepft/16544-espresso-macchiato-hand-scooped-1-en.jpg,2026-03-28 11:47:48.140172+00
39a682ac-c5d2-4932-80d0-de440ccc8b94,HU-9477,SHIITAKE MASHROOM 55g,HUNTERS,3.85,https://gustoraro.gr/wp-content/uploads/2025/02/733603099477-300x300.png,2026-03-28 11:47:48.140172+00
3a848814-f2df-454f-911d-2c161f612d8f,BO-1365,PASTA SAUCE CACIO E PEPE 180g,BORGO DI MEDICI,4.65,https://borgodemedici.us/sites/default/files/styles/product_sm/public/img/products/img/bd2522-cacio-pepe.jpg?itok=VYusN4DR,2026-03-28 11:47:48.140172+00
3bce8c3d-6185-4ffe-b6aa-66b4ac6e3865,HE-7101,DARK 95% 50G,HEIDI,2.75,https://gustoraro.gr/wp-content/uploads/2023/09/5941021017101-600x600.jpg,2026-03-30 09:56:22.166467+00
3c3eb620-4772-46c7-86bf-486b6b36f883,DC-1622,Dinosauri pomodoro & spinachi 250g,DALLA COSTA,1.85,https://gustoraro.gr/wp-content/uploads/2024/01/8016419001622-300x300.jpg,2026-03-28 11:47:48.140172+00
3c97e800-d303-4a5a-9d3b-1e6c3acb68f2,BO-4007,GREEN PESTO 235g,BORGO DI MEDICI,4.45,https://gustoraro.gr/wp-content/uploads/2025/09/8032578554007-300x300.jpg,2026-03-28 11:47:48.140172+00
3cdc3e12-c9d8-45b0-9c8f-c4cd865294ce,HE-5564,PISTACCHIO 80g,HEIDI,2.75,https://gustoraro.gr/wp-content/uploads/2023/09/5941021025564-300x300.jpg,2026-03-28 11:47:48.140172+00
3d5c6987-146a-43b4-b6a3-a4647de5f5e7,MJ-0232,WHITE CHOCO WITH HAZELNUT & PISTACCHIO 250g,MAJANI,18.20,https://gustoraro.gr/wp-content/uploads/2024/01/8003288820232-300x300.jpg,2026-03-28 11:47:48.140172+00
3dbdc1e4-5334-430e-9f28-2ca9b0ef03ac,GU-2040,COFFEE 100g,GOULIBEUR,3.15,https://gustoraro.gr/wp-content/uploads/2024/01/3481712732040-300x300.jpg,2026-03-28 11:47:48.140172+00
3dcea169-6959-4882-b84f-1bcfa554acb4,VI-2819,MINI PALMIERS -CHEESE & PARSLEY 75g,BON VIVANT,2.90,https://encrypted-tbn0.gstatic.com/images?q=tbn:ANd9GcRiKku22X4Nl0zRfCstm7GFkwvD-oZICEJQmw&s,2026-03-28 11:47:48.140172+00
3e3bbea2-3aa3-421a-8422-4c664f125715,MJ-5298,colors - assorted filled eggs 250g,MAJANI,19.75,https://gustoraro.gr/wp-content/uploads/2025/03/8003288385298-300x300.jpg,2026-03-28 11:47:48.140172+00
3e6a96a6-163f-4c3c-9ef7-a26a62ce9e11,MB-1181,PORT WINE JELLY 250g,mrs.BRIDGES,4.15,,2026-03-28 11:47:48.140172+00
3e6e205c-4624-4140-b98a-f652db72f22c,RI-3777,CHEESE 105g,RISI,1.90,https://risi.es/static/img/productos/match-ball-queso.png,2026-03-28 11:47:48.140172+00
3e8780b4-a4a2-4fcd-a334-b8b5d7f8c54b,BO-1006,FORREST FRUITS 330g,BORGO DI MEDICI,5.40,https://gustoraro.gr/wp-content/uploads/2025/09/8032578551006-300x300.jpg,2026-03-28 11:47:48.140172+00
3eb4e80b-3f36-4098-bb56-5a9a1fe7a172,CV-1448,PARMESAN & SEA SALT 200g,VECHIO MULINO,3.95,https://gustoraro.gr/wp-content/uploads/2023/09/8025848001448-300x300.jpg,2026-03-28 11:47:48.140172+00
3eccf234-586e-4926-91c3-2006c8f1507e,VD-1116,ROSEMARY & SEA SALT 75g,VERDUIJNS,2.50,https://gustoraro.gr/wp-content/uploads/2024/01/8713726300546-300x300.jpg,2026-03-28 11:47:48.140172+00
3f07020f-ffc9-4b62-8042-ef7f4546db61,BO-8449,MARINARA STYLE 100g,BORGO DI MEDICI,4.30,https://gustoraro.gr/wp-content/uploads/2024/01/8032578558449-300x300.jpg,2026-03-28 11:47:48.140172+00
3f7bca1d-4a68-4cc9-8905-fc13e441d28e,ZO-0061,70% 130g,ZOTTER,6.75,https://gustoraro.gr/wp-content/uploads/2024/01/9006403070061-300x300.jpg,2026-03-28 11:47:48.140172+00
3f9b9750-c38c-45e6-be5c-0e84945136a5,MB-7107,SWEET BEETROOT 230g,mrs.BRIDGES,4.45,https://gustoraro.gr/wp-content/uploads/2023/09/637793027107-300x300.jpg,2026-03-28 11:47:48.140172+00
3fdc965f-8663-4155-8091-b30a4fcd6706,HE-0385,APPLE STRUDEL 90g,HEIDI,2.95,https://gustoraro.gr/wp-content/uploads/2023/09/5941021020385-300x300.jpg,2026-03-28 11:47:48.140172+00
4015e129-8465-430e-a89a-3a604890e8c5,HE-0639,MILK & WHOLE HAZELNUTS 100g,HEIDI,3.35,https://heidi-chocolate.com/uploads/products/2022W19/0024-grandor-milkhazelnuts-100g-gallery-3.png,2026-03-28 11:47:48.140172+00
403e7f2a-170b-4ea0-8933-460472814ed9,HE-3630,ORANGE & CINNAMON 90g,HEIDI,2.95,https://gustoraro.gr/wp-content/uploads/2024/01/5941021003630-300x300.jpg,2026-03-28 11:47:48.140172+00
40465ad6-72e3-4eec-b5e9-764ff83417e7,PI-0412,CAPPUCINO 100g,PISCHINGER,2.05,https://pischinger.at/wp-content/uploads/2018/06/PI_Pf_web_EckenCappuccino_100g.png,2026-03-28 11:47:48.140172+00
40553160-65b2-4e62-81a6-b947dc7673cf,GW-5474,SUMMER CUP TEA -mini clotted cream 200g,GRANDMA WILDS,9.95,https://gustoraro.gr/wp-content/uploads/2024/01/501965025474-300x300.jpg,2026-03-28 11:47:48.140172+00
405b80b5-ee46-4407-932e-521dc3339355,MB-8150,SEMI GROUND SPICY 200g,mrs.BRIDGES,4.45,https://gustoraro.gr/wp-content/uploads/2023/09/637793018150-300x300.jpg,2026-03-28 11:47:48.140172+00
40dfac21-83a2-46fc-afd3-63d00a478660,ME-0127,"""S"" -ΦΡΕΣΚΩΝ ΛΑΧΑΝΙΚΩΝ-VEGAN - NO ADDED SALT 400g",MAMA IRINE,3.45,https://gustoraro.gr/wp-content/uploads/2025/03/5200126260127-300x300.jpg,2026-03-28 11:47:48.140172+00
40ecd518-fda8-4083-8e14-606b0d307cbf,HE-5588,ALMONDS 80g,HEIDI,2.75,https://gustoraro.gr/wp-content/uploads/2023/09/5941021025588-300x300.jpg,2026-03-28 11:47:48.140172+00
41144892-beb4-4d36-a31e-248f49957339,SB-0086,CRANCHY OAT 80g,STELLA BERNRAIN,4.15,https://gustoraro.gr/wp-content/uploads/2023/09/7610202000086-300x300.jpg,2026-03-28 11:47:48.140172+00
41995064-5d54-4795-b327-58bcb5ba0365,ZZ-1493,PIZZA 100g,CHAZZ,1.90,https://gustoraro.gr/wp-content/uploads/2025/03/4779047981493-300x300.jpg,2026-03-28 11:47:48.140172+00
427263aa-0437-4d97-9055-e55eb6451fcc,BO-6971,MARINATED GARLIC WITH HERBS 180g,BORGO DI MEDICI,5.75,https://gustoraro.gr/wp-content/uploads/2024/01/8032578556971-300x300.jpg,2026-03-28 11:47:48.140172+00
42979ec1-d4d1-464a-84dd-6a288b1c90ac,VD-0072,PESTO 75g,VERDUIJNS,2.50,https://gustoraro.gr/wp-content/uploads/2024/01/8713726300072-300x300.jpg,2026-03-28 11:47:48.140172+00
432de8c8-87bc-4148-a9d5-21cca683cbca,DC-8006,Conchiglie 5 colori 500g,DALLA COSTA,3.00,https://gustoraro.gr/wp-content/uploads/2024/01/8016419078006-300x300.jpg,2026-03-28 11:47:48.140172+00
434d0344-e7b8-4121-92f6-5fa6d984bc26,BP-2036,ALMOND & LEMON - GLUTEN FREE 130g,BISCUITERIE DE PROVENCE,4.95,https://gustoraro.gr/wp-content/uploads/2024/04/3571305102036-300x300.jpg,2026-03-28 11:47:48.140172+00
439494d9-2347-4b7c-97bc-71b0196cd87b,DC-5000,Nero di Seppia 500g,DALLA COSTA,4.15,https://gustoraro.gr/wp-content/uploads/2024/01/8016419195000-300x300.jpg,2026-03-28 11:47:48.140172+00
43e5eb20-4fc2-4bbe-b634-d4279fcfd430,ZZ-1127,CARAMELIZED ONIONS 90g,CHAZZ,2.10,https://gustoraro.gr/wp-content/uploads/2025/03/4779047981127-300x300.jpg,2026-03-28 11:47:48.140172+00
4467be23-b73e-4cf9-836b-ee0d86fbe5e1,BO-1907,WITH BLACK TRUFFLE 250g,BORGO DI MEDICI,3.95,https://gustoraro.gr/wp-content/uploads/2025/09/8032578551907-300x300.jpg,2026-03-28 11:47:48.140172+00
44aad429-0282-4375-be1a-13a172b8e5e4,MB-3873,ONION MARMALADE WITH BLACK OLIVES & BALSAMIC VINEGAR 285g,mrs.BRIDGES,5.95,https://gustoraro.gr/wp-content/uploads/2023/09/637793003873-300x300.jpg,2026-03-28 11:47:48.140172+00
44ffd0e1-2ccb-4b83-93d4-ba2b43e9a576,BE-2258,LEMON FLAVORED 250g,BELLI,2.95,https://gustoraro.gr/wp-content/uploads/2024/01/8003655062258-300x300.jpg,2026-03-28 11:47:48.140172+00
4509187e-a5a2-4703-a187-dcef8c06e3ff,TA-4863,ΜΕΓΑΛΟ ΚΟΧΥΛΙ (CONCHIGLIONI) 500g,TARALLORO,3.30,https://gustoraro.gr/wp-content/uploads/2024/01/8003007814863-300x300.jpg,2026-03-28 11:47:48.140172+00
45b6509c-c8de-4ada-a7ae-3e2032893981,MJ-4776,DARK 60% 25g,MAJANI,2.75,https://www.mercatogourmet.com.hk/cdn/shop/files/MajaniCioccolataScorzaFondenteFriabile_DarkChocolate.webp?v=1759223326&width=1214,2026-03-28 11:47:48.140172+00
45bf1f93-9ab5-4731-844b-43d82b53a0d6,KE-0705,SEA SALT 70g,KEOGHS,3.00,https://gustoraro.gr/wp-content/uploads/2023/09/5391527730705-300x300.jpg,2026-03-28 11:47:48.140172+00
45d0b8c2-8958-4a50-b040-26837dab6fa5,BO-7152,MINI PANETONNE 1220g,BORGO DI MEDICI,26.60,https://gustoraro.gr/wp-content/uploads/2024/01/8032578557152-300x300.jpg,2026-03-28 11:47:48.140172+00
464ef90a-cb58-4afd-87aa-7d709a1c16bc,SB-9492,DARK 100g,STELLA BERNRAIN,4.15,https://gustoraro.gr/wp-content/uploads/2023/09/7610202475327-300x300.jpg,2026-03-28 11:47:48.140172+00
467963c4-2e2c-4dc7-984d-20d33744e3a9,RI-3500,KETCHUP 100g,RISI,1.35,https://encrypted-tbn0.gstatic.com/images?q=tbn:ANd9GcRWZL1e71gdt0uzYZM2pgrdhHCYGmB3M014SA&s,2026-03-28 11:47:48.140172+00
47155f97-be00-44b7-b9bb-4fb96a5dcd8e,ZO-4651,ORANGE LIQUEUR 70g,ZOTTER,4.75,https://encrypted-tbn0.gstatic.com/images?q=tbn:ANd9GcROAsOoFmChk7Hhjry3IhpyIPhV1dryzsw7wg&s,2026-03-28 11:47:48.140172+00
4723fbc7-cb1c-45ba-ba38-1fca0d979f13,SB-8588,MILK LACTOSE FREE 100g,STELLA BERNRAIN,4.15,https://gustoraro.gr/wp-content/uploads/2023/09/7610202308588-300x300.jpg,2026-03-28 11:47:48.140172+00
477ddb7f-75aa-4762-be30-e1916bb67a25,HE-4469,COCONUT FLORENTINE 100g,HEIDI,3.35,,2026-03-28 11:47:48.140172+00
48a9a2a9-a892-4297-afe7-b3e481964953,SP-1763,SPECULOOS CLASSIC 100g,SPECULHOUSE,3.00,https://gustoraro.gr/wp-content/uploads/2025/02/SpeculHouse-5425032801763-300x300.png,2026-03-28 11:47:48.140172+00
494403a7-bcc8-41ab-8e0e-fd29135b850e,BO-6605,HAZELNUT CREAM 250g,BORGO DI MEDICI,3.95,https://gustoraro.gr/wp-content/uploads/2024/01/8032578556605-300x300.jpg,2026-03-28 11:47:48.140172+00
4988b83f-4f16-4838-aa30-d9c3c6f03c92,ZO-0023,WHITE 130g,ZOTTER,6.75,https://www.zotter.at/fileadmin/media_data/shop/basic-kuvertueren/18003-white-chocolate-130-fine-couverture-1-en.jpg,2026-03-28 11:47:48.140172+00
49931e2d-2dae-4190-8750-d80b1c63cb05,MJ-1857,WHITE CHOCO STRAWBERRY & ALMOND 250g,MAJANI,18.20,https://gustoraro.gr/wp-content/uploads/2025/03/8003288821857-300x300.jpg,2026-03-28 11:47:48.140172+00
499f8ca5-805a-46fc-a050-c147f43efa33,LC-0372,CRAB 75g,LONG CHIPS,1.00,https://gustoraro.gr/wp-content/uploads/2023/09/4750127000372-300x300.jpg,2026-03-28 11:14:01.419627+00
4a326688-7138-449f-bbf7-b916e18b7650,SB-0176,DARK 60% POMEGRANATE 100g,STELLA BERNRAIN,4.60,https://gustoraro.gr/wp-content/uploads/2023/09/7610202330176-300x300.jpg,2026-03-28 11:47:48.140172+00
4a5bef30-7b03-4dab-bc70-fa118ea2f379,BO-6643,CARCIOFI E AGLIO 190g,BORGO DI MEDICI,4.50,https://gustoraro.gr/wp-content/uploads/2024/01/8032578556643-300x300.jpg,2026-03-28 11:47:48.140172+00
4b0205c5-ddab-45af-9ea2-dd279ea8f0ee,FH-4826,VIENESE SHORTBREAD 150g,FARMHOUSE,3.15,https://gustoraro.gr/wp-content/uploads/2024/01/5017162004826-300x300.png,2026-03-28 11:47:48.140172+00
4b4960c2-08fe-4c05-96ae-6affa58123c1,DC-2575,STROZZAPRETTI with corn & black corn 250g,DALLA COSTA,3.05,https://gustoraro.gr/wp-content/uploads/2025/09/8016419002575-300x300.jpg,2026-03-28 11:47:48.140172+00
4b4a1e23-73af-4fa2-8009-b3e423e2ff0c,DC-3006,LOVE PASTA 500g,DALLA COSTA,2.95,https://www.essig-oel.de/cdn/shop/files/Dalla_20Costa_20Love_20Pasta_20500g_Pasta_4231_1.webp?v=1727370107&width=416,2026-03-28 11:47:48.140172+00
4ba3d7f6-bf34-4c10-8e47-51eb800ce448,BP-2014,PICODON CHEESE D.O.P. 90g,BISCUITERIE DE PROVENCE,4.00,https://encrypted-tbn0.gstatic.com/images?q=tbn:ANd9GcQSwNKz1XHMpQKVo5D9clPm0nVahEiLqRgcKA&s,2026-03-28 11:47:48.140172+00
4bb566fc-7941-42ad-a180-8dbc18b88962,SM-0868,LAVENDER 150g,SIMPKINS,4.50,https://gustoraro.gr/wp-content/uploads/2024/04/5011563010868-300x300.jpg,2026-03-28 11:47:48.140172+00
4bdde155-dadc-4bda-a1c5-cc87daee0d90,MJ-1954,LATTE 230g,MAJANI,23.00,,2026-03-28 11:47:48.140172+00
4bf8ee71-3ffd-40ab-a31f-7654b060dd1c,MJ-9130,CARAMELLO 30G,MAJANI,1.45,https://www.marinello.shop/wp-content/uploads/2025/01/majani-hot-chocolate-caramello.jpg,2026-03-28 11:47:48.140172+00
4c4e9829-d703-41df-b169-3993abf651ac,HE-1254,ORANGE 80g,HEIDI,2.75,https://gustoraro.gr/wp-content/uploads/2023/09/5941021001254-300x300.jpg,2026-03-28 11:47:48.140172+00
4ca28b7f-09bd-4266-a865-aa16d0a6f065,MJ-4054,filled eggs with cacao cream 150g,MAJANI,8.20,,2026-03-28 11:47:48.140172+00
4d60972f-c778-4220-a41b-a6bd0e8aa21e,BP-2004,ALMOND & CHESTNUT -GF 90g,BISCUITERIE DE PROVENCE,4.75,https://encrypted-tbn0.gstatic.com/images?q=tbn:ANd9GcQ1Jij0TEuhwn1G59fR2rIf5F6EUacFo6C2hg&s,2026-03-28 11:47:48.140172+00
4d8ea0fc-0ded-4644-9229-2b9da67dd3bf,GM-2458,DUBAI CHOCOLATE STYLE BAR PISTACHIO 60G,GAM'S PROTEIN,0.00,https://suplementosalmayor.cl/wp-content/uploads/2025/07/xGams-Protein-Dubai-Chocolate-Pistachio-60g.png.pagespeed.ic_.ehwYXbhHo_-removebg-preview.webp,2026-04-01 11:46:31.467914+00
4da169f5-e238-4810-a4b8-b07457e9552b,BO-8708,BIO ZUCCHETTE 250g,BORGO DI MEDICI,6.00,https://gustoraro.gr/wp-content/uploads/2024/01/8032578558708-300x300.jpg,2026-03-28 11:47:48.140172+00
4df189cb-24b1-4dae-868a-ff9297aa9db2,RI-0578,CHOCO 30G,RISI,0.85,https://www.golosinasysnacks.com/11192-large_default/risi-choco-palomitas-30-bolsas-de-30g.jpg,2026-03-28 11:47:48.140172+00
4e00393a-4943-4087-9023-7ca11f78bdae,LC-0748,CREAMY DILL 75g,LONG CHIPS,1.00,https://gustoraro.gr/wp-content/uploads/2023/09/4750127300748-300x300.jpg,2026-03-28 11:14:01.419627+00
4e072436-b33d-4088-8318-b8fb7907f195,ZU-9456,ANANAS SF 200ml,ZUEGG,1.25,https://gustoraro.gr/wp-content/uploads/2025/02/80809456-600x600.png,2026-03-28 11:47:48.140172+00
4e426379-ffc0-4e46-9373-3cdbcb10667a,MJ-0454,60% AGRUMI 38g,MAJANI,4.00,https://gustoraro.gr/wp-content/uploads/2024/10/8003288370454-300x300.jpg,2026-03-28 11:47:48.140172+00
4f442147-cff8-416c-af59-89fa36ba78a3,HE-3586,GIFT BOX STAR - PRALINES HAZELNUT 140g,HEIDI,6.60,https://gustoraro.gr/wp-content/uploads/2024/10/5941021003586-300x300.jpg,2026-03-28 11:47:48.140172+00
4f834e92-dbc4-42cd-91e8-792cc49a1e44,LC-0717,SEA SALT & VINEGAR 75g,LONG CHIPS,1.00,https://gustoraro.gr/wp-content/uploads/2023/09/4750127300717-300x300.jpg,2026-03-28 11:14:01.419627+00
4fafb3a4-ca04-4d69-9452-dd90d5f380be,ZU-3435,ΜΗΛΟ SF 200ml,ZUEGG,1.25,,2026-03-28 11:47:48.140172+00
4fb7e62a-58fa-47df-a407-743246b602c5,FH-7629,MILK CHOCO & CARAMEL FUDGE 150g,FARMHOUSE,5.95,https://gustoraro.gr/wp-content/uploads/2024/03/5017162007629-300x300.jpg,2026-03-28 11:47:48.140172+00
5006b086-2960-4de6-9100-3638b3d25589,MB-5713,"FOUR BERRIES (STRAWBERRY,RASPBERRY,BLACKCURRANT,REDCURRANT) 340g",mrs.BRIDGES,5.95,https://gustoraro.gr/wp-content/uploads/2023/09/5025692125713-300x300.jpg,2026-03-28 11:47:48.140172+00
503aae88-3251-4a64-b7f6-c962eb796134,BO-1310,"SOFFRITTO - GARLIC , OIL & CHILLI 190g",BORGO DI MEDICI,4.50,https://gustoraro.gr/wp-content/uploads/2024/01/8032578551310-300x300.jpg,2026-03-28 11:47:48.140172+00
504a3199-df89-4b81-9264-a75a400f43fd,DC-0005,Strozzapretti Peperoncino & basilico 500g,DALLA COSTA,2.75,https://pesto-italy.com.ua/image/cache/catalog/products/u30104-700x700.jpg,2026-03-28 11:47:48.140172+00
5081ae54-914f-4d73-b24b-0c529ada7eff,MJ-0058,MILK CHOCO & HAZELNUT 250g,MAJANI,18.20,https://gustoraro.gr/wp-content/uploads/2025/03/8003288820058-300x300.jpg,2026-03-28 11:47:48.140172+00
5096988b-f258-41b1-a1d7-cf25163cf363,CP-0420,"CHRIZO , BELL PEPPERS , TOMATO 100g",CUISINE PROVENCALE,3.95,https://gustoraro.gr/wp-content/uploads/2025/02/La-Cuisine-Provencale-3302764100420-300x300.png,2026-03-28 11:47:48.140172+00
50d78295-351f-4b5c-a976-8cd8946083a1,PI-9546,ALMOND & MILK CHOCO 200g,PISCHINGER,4.25,https://gustoraro.gr/wp-content/uploads/2024/03/9003353019546-300x300.jpg,2026-03-28 11:47:48.140172+00
51e568f2-6a89-4cb2-a5eb-65ad934ebac3,LC-0694,BACON 75g,LONG CHIPS,1.00,https://gustoraro.gr/wp-content/uploads/2023/09/4750127300694-300x300.jpg,2026-03-28 11:14:01.419627+00
51f8f394-41e1-4f4c-a63f-95b41d6fe0a7,OD-2521,MILL 190G LEMON & TURMERIC,SALT ODYSSEY,3.15,https://gustoraro.gr/wp-content/uploads/2024/01/5200113802521-400x400.jpg,2026-04-02 15:17:03.365107+00
5298723a-6553-4f86-9426-72f842aca486,BO-5356,TUBE MINI PANETTONE ASSORTED 300g,BORGO DI MEDICI,8.20,https://borgodemedici.us/sites/default/files/styles/product_sm/public/img/products/img/bh2519-assorted-panettone-in-tube.jpg?itok=WT1thoiD,2026-03-28 11:47:48.140172+00
52d37a31-13ab-4e4a-ae5f-78a33679af83,SM-1873,MIXED FRUITS 175g,SIMPKINS,3.90,https://gustoraro.gr/wp-content/uploads/2024/04/5011563001873-300x300.jpg,2026-03-28 11:47:48.140172+00
52e4360d-dcb7-4d87-ba9a-0c07e8e30a7d,MJ-4660,DARK 60% 12g,MAJANI,85.00,https://gustoraro.gr/wp-content/uploads/2024/01/8003288344660-600x600.jpg,2026-03-28 11:47:48.140172+00
52f3b72a-6003-4f05-9ea2-905acff5f77d,DC-7006,Fusilli pomodoro & oregano 500g,DALLA COSTA,2.75,https://gustoraro.gr/wp-content/uploads/2024/01/8016419007006-300x300.jpg,2026-03-28 11:47:48.140172+00
53e7fbd6-a536-4fe7-8eb1-2a6f419e978d,MB-0041,LEMON & LIME 340g,mrs.BRIDGES,5.95,https://gustoraro.gr/wp-content/uploads/2023/09/5020566700041-300x300.jpg,2026-03-28 11:47:48.140172+00
5410f26f-6a16-42c4-8960-58255d506d5c,ZO-4923,STRAWBERRY & CASHEW 70g,ZOTTER,4.75,https://www.zotter.at/fileadmin/media_data/shop/drunter-drueber/25850--strawberry-cashew-cheery-nuts-3-en.jpg,2026-03-28 11:47:48.140172+00
541ed8eb-faa1-4b9b-8dde-b71815af23ec,MJ-0521,WHISKY FLAVORED 38g,MAJANI,4.00,https://gustoraro.gr/wp-content/uploads/2024/10/GUS001-300x300.jpg,2026-03-28 11:47:48.140172+00
5438acd3-83be-4c00-99ef-84265ab69a71,DC-1547,ORGANIC Strozzapretti Red lentils 250g,DALLA COSTA,3.05,https://gustoraro.gr/wp-content/uploads/2024/01/8016419001547-300x300.jpg,2026-03-28 11:47:48.140172+00
55546fca-1dd5-4789-8872-1a0144445aaa,ME-0035,ΦΟΥΡΝΙΣΤΟ-VEGAN - NO ADDED SALT 400g,MAMA IRINE,3.45,https://gustoraro.gr/wp-content/uploads/2025/03/5200126260035-300x300.jpg,2026-03-28 11:47:48.140172+00
55571c92-bfeb-4ab0-952b-f2eadccbf5dc,ME-1353,ΒΙΟΛΟΓΙΚΟ ΜΕ ΚΑΤΣΙΚΙΣΙΟ ΓΑΛΑ -HAPPY KIDS-NO ADDED SALT 230g,MAMA IRINE,3.45,https://gustoraro.gr/wp-content/uploads/2025/03/5200126261353-300x300.jpg,2026-03-28 11:47:48.140172+00
55883c62-3cde-4145-93b5-6809fcffc38a,MB-5683,"FOUR FRUIT (ORANGE,LEMON,GRAPEFRUIT,LIME) 340g",mrs.BRIDGES,5.95,https://gustoraro.gr/wp-content/uploads/2023/09/5025692125683-300x300.jpg,2026-03-28 11:47:48.140172+00
559163e9-cfb7-4fa0-8e0c-6bbeb4a3f676,GD-2120,SPRING ONION & SOUR CREAM STYLE 120g,GUDOBELE,1.85,https://gustoraro.gr/wp-content/uploads/2024/01/4770350142120-300x300.jpg,2026-03-28 11:47:48.140172+00
55f506c0-172f-42ff-ac29-ba9f7c058ebe,BO-1815,LEMON 250g,BORGO DI MEDICI,3.95,https://borgodemedici.us/sites/default/files/styles/product/public/img/products/img/bd2563.jpg?itok=pYpkYAW_,2026-03-28 11:47:48.140172+00
5671bf66-8ffb-4008-94b0-5a0917ec8163,RI-1802,ORIGINAL 125g,RISI,1.90,https://www.yourspanishshop.es/fe-800x800-ffffff-data/productos/risi-patatas-onduladas-familiar-12-.jpg,2026-03-28 11:47:48.140172+00
57246e82-3e78-49cd-8aeb-d6a304db336c,ZZ-0823,CAROLINA REAPER PEPPER 50g,CHAZZ,2.10,https://gustoraro.gr/wp-content/uploads/2025/03/4779047980823-300x300.jpg,2026-03-28 11:47:48.140172+00
57f45f6d-a6f0-4b16-a49b-2ff9f859f99e,SB-0123,NECTAR ALMOND 80g,STELLA BERNRAIN,4.15,https://gustoraro.gr/wp-content/uploads/2023/09/7610202000123-300x300.jpg,2026-03-28 11:47:48.140172+00
580796ca-d1f9-46ee-ac9c-4be6bf8863c7,GM-2465,DUBAI CHOCOLATE STYLE BAR PEANUT BUTTER 60G,GAM'S PROTEIN,0.00,https://suplementosalmayor.cl/wp-content/uploads/2025/07/xDubai-style-Protein-bars-peanut-butter-60g.png.pagespeed.ic_.Ke6iukN7Ih-removebg-preview.webp,2026-04-01 11:46:19.817848+00
58d6472d-e746-4324-8f8c-aa2ee93fbc69,XK-0679,ΣΤΡΙΦΤΑΡΙ ΜΕΛΑΝΙ ΣΟΥΠΙΑΣ 500g,XΙΩΤΙΚΟ ΚΕΛΑΡΙ,2.75,https://gustoraro.gr/wp-content/uploads/2023/09/5200366200679-400x400.jpg,2026-03-28 11:47:48.140172+00
5aa762ad-7a83-4204-b197-f673ccf51759,BO-9835,WITH FIG 150g,BORGO DI MEDICI,3.95,https://borgodemedici.us/sites/default/files/styles/product_sm/public/img/products/img/A029030-150%20ML%20FIG%20BALSAMIC%20GLAZE.jpg?itok=x-K1utaW,2026-03-28 11:47:48.140172+00
5ac1681a-29d2-4fd1-956a-73839e1e96e9,MB-8181,TARTARE SAUCE WITH LEMON 180g,mrs.BRIDGES,4.15,https://gustoraro.gr/wp-content/uploads/2023/09/637793018181-300x300.jpg,2026-03-28 11:47:48.140172+00
5b01ddd6-de36-464f-a775-8d7b362741c1,GM-0805,MULTILAYER BAR COOKIES 50G,GAM'S PROTEIN,0.00,https://mvtrade.ee/wp-content/uploads/2026/02/8585067200805-300x300.jpg,2026-04-01 11:48:53.481926+00
5b023a53-e124-48d9-8220-56e884b07b13,FH-7667,STRAWBERRY & CLOTTED CREAM 150g,FARMHOUSE,3.75,https://gustoraro.gr/wp-content/uploads/2024/03/5017162007667-300x300.jpg,2026-03-28 11:47:48.140172+00
5bfd4e6e-16b2-439a-b1ab-72e9a85847a9,BO-8340,AND PORCINI & GARLIC 80g,BORGO DI MEDICI,5.65,https://gustoraro.gr/wp-content/uploads/2025/09/8032578558340-300x300.jpg,2026-03-28 11:47:48.140172+00
5c170fa6-19d9-4f33-bc5c-78546ca39345,GU-1151,CACAO DARK 35g,GOULIBEUR,2.20,https://gustoraro.gr/wp-content/uploads/2024/01/3481718131151-300x300.jpg,2026-03-28 11:47:48.140172+00
5c17dc93-e246-40c4-997c-e2a84f5a32bf,GD-4648,MUSHROOMS 70g,GUDOBELE,1.20,https://chazzchips.com/cdn/shop/files/photo_5931685788574140027_y.jpg?v=1749664862,2026-03-28 11:47:48.140172+00
5c7598fd-47d4-4050-9a90-074a27bcd0ea,BO- 8975,PUMPKIN & TRUFFLE 220g,BORGO DI MEDICI,4.45,https://gustoraro.gr/wp-content/uploads/2024/01/8032578558975-300x300.jpg,2026-03-28 11:47:48.140172+00
5d1116ab-8372-4059-af32-5be1138f7f1c,BO-1891,SALSA DI TOSCANA BIO 235g,BORGO DI MEDICI,5.75,https://gustoraro.gr/wp-content/uploads/2024/01/8032578551891-300x300.jpg,2026-03-28 11:47:48.140172+00
5d1148e4-1dd2-4d20-8681-aaed28e3e760,MB-1618,DATE & FIG 295g,mrs.BRIDGES,5.95,https://gustoraro.gr/wp-content/uploads/2023/09/637793011618-300x300.jpg,2026-03-28 11:47:48.140172+00
5d17eae4-ae02-482b-9283-5505e91bc34e,GM-1307,LENTIL CHIPS SOUR CREAM & ONION 65G,GAM'S PROTEIN,0.00,https://www.gams-shop.cz/_next/image?url=https%3A%2F%2Finstance11.admin.grandus.sk%2Ffiles%2Fthumbnail%2F106%2F121%2F2025-06-13%2F08fa61%2F1935862%2Fgam-s-protein-chipsy-kysla-smotana-cibulka_624x624%402x.jpg%3Fv%3D2025-06-13-2011-3A24-3A06&w=1080&q=80,2026-04-01 11:45:04.968075+00
5da79465-d855-4df6-9266-5a15b9dc5a5a,BO-1723,STRAWBERRY 330g,BORGO DI MEDICI,5.40,https://gustoraro.gr/wp-content/uploads/2025/09/8032578551723-300x300.jpg,2026-03-28 11:47:48.140172+00
5deef43a-471d-4c7c-9add-f24993eef12b,SB-5619,CRISPY PRETZEL 80g,STELLA BERNRAIN,3.75,https://gustoraro.gr/wp-content/uploads/2025/03/7610148005619-300x300.jpg,2026-03-28 11:47:48.140172+00
5e200ce6-880d-45a5-b176-6c1ee326c93d,MJ-9602,STECCA NOIR 85g,MAJANI,4.40,https://gustoraro.gr/wp-content/uploads/2024/01/8003288289602-300x300.jpg,2026-03-28 11:47:48.140172+00
5e22b59c-761c-4ee5-a927-e18b1dddaa8f,HE-1247,ESPRESSO 80g,HEIDI,2.75,https://gustoraro.gr/wp-content/uploads/2023/09/5941021001247-300x300.jpg,2026-03-28 11:47:48.140172+00
5e4f206f-5de3-4379-a82c-7186966534f6,SB-9460,DARK 72% & CHILI 100g,STELLA BERNRAIN,4.60,https://gustoraro.gr/wp-content/uploads/2023/09/7610202259460-300x300.jpg,2026-03-28 11:47:48.140172+00
5e6eddbf-d7c4-4692-9522-abc7ef043c8d,ZO-9997,"PISTACHIO, ALMONS & CARDAMON 70g",ZOTTER,4.75,https://www.zotter.at/fileadmin/media_data/shop/handgeschoepft/16631-kulfi-pistachios-almonds-and-cardamom-hand-scooped-1-en.jpg,2026-03-28 11:47:48.140172+00
5f5ed298-e387-43aa-b14d-2edec54b4b9a,GD-4655,SOUR CREAM & ONION 70g,GUDOBELE,1.20,https://gustoraro.gr/wp-content/uploads/2025/06/4770350024655_1080x1080-300x300.jpg,2026-03-28 11:47:48.140172+00
5fb5f034-8ce6-4f66-b2f4-ab90d3da3d80,SM-0893,BUTTERSCOTCH 200g,SIMPKINS,2.90,https://gustoraro.gr/wp-content/uploads/2024/04/5011563210893-300x300.jpg,2026-03-28 11:47:48.140172+00
5fc93136-aa2b-448d-a38a-c75e090ef9cb,RI-0492,VIETNAM 160g,RISI,4.25,https://gustoraro.gr/wp-content/uploads/2025/02/Risi-8411859560492-300x300.png,2026-03-28 11:47:48.140172+00
6048ef90-d1c8-40b4-8fea-be077876d59f,SB-6752,BITTERSWEET 53% 100g,STELLA BERNRAIN,4.45,https://gustoraro.gr/wp-content/uploads/2023/09/7610202466752-300x300.jpg,2026-03-28 11:47:48.140172+00
60c3b1aa-1bd3-4d24-b90f-41426bf10c80,RI-8598,MILK CHOCO 120g,RISI,3.60,https://gustoraro.gr/wp-content/uploads/2025/02/Risi-8411859558598-300x300.png,2026-03-28 11:47:48.140172+00
6187936b-6633-42f0-9bcc-cf516c204db0,BO-1549,VANILLA 250g,BORGO DI MEDICI,3.95,https://gustoraro.gr/wp-content/uploads/2025/09/8032578551549-300x300.jpg,2026-03-28 11:47:48.140172+00
620f3e2d-2a6c-4e92-a236-972072651dde,BO-4656,WITH TRUFFLE NATURAL FLAVOR 150g,BORGO DI MEDICI,3.95,https://gustoraro.gr/wp-content/uploads/2025/09/8032578554656-300x300.jpg,2026-03-28 11:47:48.140172+00
6279ef40-95a8-4d5b-ad24-80fbba9f36e9,BP-1040,ASSORTED MINI CHOCOLATE BALLS 100g,BISCUITERIE DE PROVENCE,11.60,https://gustoraro.gr/wp-content/uploads/2025/03/3760081241040-300x300.jpg,2026-03-28 11:47:48.140172+00
62e47a2b-2ce0-4a80-8be1-b3acc9c2cfd8,BP-1238,ALMOND & FIG 120g,BISCUITERIE DE PROVENCE,4.45,https://gustoraro.gr/wp-content/uploads/2024/04/3571379071238-300x300.jpg,2026-03-28 11:47:48.140172+00
630e374a-63f0-47ff-950d-9a4ad2ee8c07,BO-8586,PUMKIN GNOCCHI 500g,BORGO DI MEDICI,4.10,https://gustoraro.gr/wp-content/uploads/2024/01/8032578558586-300x300.jpg,2026-03-28 11:47:48.140172+00
6380ce41-2e2d-4a45-9356-5278b4bd1948,ZO-1948,90% 130g,ZOTTER,6.75,https://gustoraro.gr/wp-content/uploads/2023/09/9006403041948-300x300.jpg,2026-03-28 11:47:48.140172+00
6393f1c9-f07c-472a-a5e7-fc9559b57082,MJ-4951,ARANCIA 30G,MAJANI,1.45,https://zanzarelli.de/wp-content/uploads/2020/12/WI1199-1.png,2026-03-28 11:47:48.140172+00
63a9e95a-ae73-47b8-9489-68a3570c431e,HE-5441,WHITE CHOCO WITH ALMOND & COCONUT 100g,HEIDI,3.35,https://encrypted-tbn0.gstatic.com/images?q=tbn:ANd9GcTr0G7QXCPauwEaBCGiLmLtXgjJqX-TkUoKeA&s,2026-03-28 11:47:48.140172+00
643696d3-b851-46cc-8953-7992c597c53b,VD-0782,HONEY & MUSTARD 75g,VERDUIJNS,2.50,https://gustoraro.gr/wp-content/uploads/2024/01/8713726300782-300x300.jpg,2026-03-28 11:47:48.140172+00
644e51eb-3711-43e3-8c2d-7a65b6953328,BO-5028,TARTUFO NERO 150g,BORGO DI MEDICI,3.80,https://gustoraro.gr/wp-content/uploads/2024/01/8032578555028-300x300.jpg,2026-03-28 11:47:48.140172+00
6481370e-640b-4e20-a76a-ed5074859ac7,BP-0247,FOREST'S FRUITS 100g,BISCUITERIE DE PROVENCE,5.75,https://gustoraro.gr/wp-content/uploads/2024/04/3760081350247-300x300.jpg,2026-03-28 11:47:48.140172+00
64f848b1-9726-4a34-9ac5-b2a9e889ca80,ZO-9916,PISTACHIOS AND MARZIPAN 70g,ZOTTER,4.75,https://encrypted-tbn0.gstatic.com/images?q=tbn:ANd9GcQpP5ThgQgHcOvBBHrX0IM1fRfKO8Dc2H5Efg&s,2026-03-28 11:47:48.140172+00
6556744a-61e9-464b-aa8c-f5f914128ba0,SM-4614,CITRUS LEMON & SOUR CHERRY 200g,SIMPKINS,2.90,https://gustoraro.gr/wp-content/uploads/2024/04/5011563624614-300x300.jpg,2026-03-28 11:47:48.140172+00
65a42eff-1993-4b57-be9f-7f20ff55b346,GW-3425,SALTED CARAMEL & MILK CHOCO 150g,GRANDMA WILDS,3.55,https://gustoraro.gr/wp-content/uploads/2025/09/5019605023425-300x300.jpg,2026-03-28 11:47:48.140172+00
66899551-f8c6-4aef-a45e-d012ef87f219,ZZ-1509,CAROLINA REAPER PEPPER 100g,CHAZZ,1.90,https://gustoraro.gr/wp-content/uploads/2025/03/4779047981509-1-300x300.jpg,2026-03-28 11:47:48.140172+00
66b450ea-5fd9-437f-97e7-c7056f2526c2,FH-7650,MILK CHOCOLATE CHIP 150g,FARMHOUSE,3.75,https://gustoraro.gr/wp-content/uploads/2024/03/5017162007650-300x300.jpg,2026-03-28 11:47:48.140172+00
66c6a382-d943-46e8-b658-04e9488c60bf,OD-2620,FLAKES JAR 100G SMOKED & SPICY,SALT ODYSSEY,2.90,https://gustoraro.gr/wp-content/uploads/2024/01/5200113802620.jpg,2026-04-02 15:14:12.042519+00
66db5617-e049-4280-8d94-e1a25e82cb91,CP-0037,HOLLANDAISE 180g,CUISINE PROVENCALE,4.45,https://gustoraro.gr/wp-content/uploads/2025/02/La-Cuisine-Provencale-3302768100037-300x300.png,2026-03-28 11:47:48.140172+00
66e15fac-4afa-4de6-a4d6-7b75d17a68e3,MB-1105,GINGER WITH MALT WHISKY 340g,mrs.BRIDGES,5.95,https://gustoraro.gr/wp-content/uploads/2023/09/637793021105-300x300.jpg,2026-03-28 11:47:48.140172+00
673b8dab-930a-458d-9214-aa42bb9c0e3f,CP-0376,"YELLOW PEPPER, GRANA PADANO, RICOTTA 100g",CUISINE PROVENCALE,3.95,https://gustoraro.gr/wp-content/uploads/2025/02/La-Cuisine-Provencale-3302764100376-300x300.png,2026-03-28 11:47:48.140172+00
674cb90a-95dd-4bd3-a11c-7641d7e5edf7,LC-0618,CHEESE 75g,LONG CHIPS,1.00,https://gustoraro.gr/wp-content/uploads/2023/09/4750127300618-300x300.jpg,2026-03-28 11:14:01.419627+00
6769837f-9537-4674-8dbd-38fad82877bb,SB-7408,WHITE WITH GINGER & LEMON 100g,STELLA BERNRAIN,4.60,https://www.chocolatstella.ch/_default_upload_bucket/4108/image-thumb__4108__coreshop_productDetail2025/1052469_of_white-ginger-lemon_100g~-~media--1d2e2921--query.ac2ac590.png,2026-03-28 11:47:48.140172+00
6774788b-bb6d-4d79-812e-6b6265b7d4fe,BE-2608,DOUBLE CHCOLATE & ALMOND 250g,BELLI,2.95,https://gustoraro.gr/wp-content/uploads/2024/01/8003655072608-300x300.jpg,2026-03-28 11:47:48.140172+00
67b19fb9-b7ae-4d59-a0c0-f5949b759017,BO-4977,CARAMEL SAUCE 220g,BORGO DI MEDICI,9.95,https://gustoraro.gr/wp-content/uploads/2025/09/8032578554977-300x300.jpg,2026-03-28 11:47:48.140172+00
67c1e559-3d9c-41d0-80ae-9e4938be7b28,GU-4012,WALNUTS 100g,GOULIBEUR,3.15,,2026-03-28 11:47:48.140172+00
67e66add-589b-4518-9973-f9cee2d6b6f1,XK-0655,ΧΟΡΤΟΣΟΥΠΑ 500g “S”,XΙΩΤΙΚΟ ΚΕΛΑΡΙ,2.55,https://gustoraro.gr/wp-content/uploads/2023/09/5200366200655-600x600.jpg,2026-03-28 11:47:48.140172+00
68203fc1-93c2-4faa-9bd7-b94c82141bd8,ME-0080,ΞΙΝΟΣ ΦΟΥΡΝΙΣΤΟΣ - NO ADDED SALT 400g,MAMA IRINE,3.45,https://gustoraro.gr/wp-content/uploads/2025/03/5200126260080-300x300.jpg,2026-03-28 11:47:48.140172+00
68277fac-1085-47d4-a989-b5b1e96c963d,ZZ-1653,TOMATO 100g,CHAZZ,2.10,https://gustoraro.gr/wp-content/uploads/2025/03/4779047981653-300x300.jpg,2026-03-28 11:47:48.140172+00
68a4b928-ae60-4751-8970-f01669c85dc2,BO-7473,CACAO & VANILLA 180g,BORGO DI MEDICI,6.75,https://gustoraro.gr/wp-content/uploads/2024/01/8032578557473-1-300x300.jpg,2026-03-28 11:47:48.140172+00
68bff8cd-848e-4e8f-91c6-14e746e46a81,BP-1145,VIOLETTES 70g,BISCUITERIE DE PROVENCE,12.95,https://encrypted-tbn0.gstatic.com/images?q=tbn:ANd9GcQdW3WOnz7bzKxMkeX4ubHsS2El9kbJnNR0jw&s,2026-03-28 11:47:48.140172+00
690664ad-7677-4f44-9455-2ad678bfc360,HE-4314,MILK & COOKIES 90g,HEIDI,2.95,https://gustoraro.gr/wp-content/uploads/2024/10/5941021024314-300x300.jpg,2026-03-28 11:47:48.140172+00
697f1541-f845-43fa-b748-1e305668a385,XK-0709,ΚΟΥΣ ΚΟΥΣ ΛΑΧΑΝΙΚΩΝ 500G,XΙΩΤΙΚΟ ΚΕΛΑΡΙ,3.35,https://gustoraro.gr/wp-content/uploads/2023/09/5200366200709-600x600.jpg,2026-03-28 11:47:48.140172+00
69f2ebe3-1c08-4061-b7c0-bc2cc8f27d88,GM-0812,"MULTILAYER BAR CHOCOLATE 50G ",GAM'S PROTEIN,0.00,https://mvtrade.ee/wp-content/uploads/2026/02/8585067200782.jpg,2026-04-01 11:49:08.654571+00
6a14f1ab-4c49-4347-aa19-275432dc3571,GD-4808,SWEET CHILI & LIME 120g,GUDOBELE,1.85,https://d.scdn.gr/images/sku_main_images/062933/62933195/20250908140844_bon_chance_sweet_chilli_lime_120gr.jpeg,2026-03-28 11:47:48.140172+00
6a3f7ab2-0b4f-40df-8a8a-1bd8eb69c674,BO-5318,PANETTONE RUSTIC PEARS AND CHOCOLATE 1000g,BORGO DI MEDICI,21.00,https://borgodemedici.us/sites/default/files/styles/product_sm/public/img/products/img/bh2516.jpg?itok=QZD3BXAY,2026-03-28 11:47:48.140172+00
6a84a2fc-53cb-42ff-83a8-6f9dfb67a5e6,MB-1581,CRANBERRY SAUCE WITH PORT 340g,mrs.BRIDGES,5.95,https://gustoraro.gr/wp-content/uploads/2023/09/5020566701581-300x300.jpg,2026-03-28 11:47:48.140172+00
6ae4545b-58f4-4bb9-b977-f36368ad7aac,BR-8700,MAIS 140g,BRUSA,2.50,https://gustoraro.gr/wp-content/uploads/2023/09/8023192008700-300x300.jpg,2026-03-28 11:47:48.140172+00
6b753df1-f2a1-40d2-a8ae-04adbc5f4e5b,GU-2033,CACAO 100g,GOULIBEUR,3.15,https://gustoraro.gr/wp-content/uploads/2024/01/3481712732033-300x300.jpg,2026-03-28 11:47:48.140172+00
6b97a6c4-706a-43a9-916f-836521523fa4,GM-3578,EXTRASOFT BAR BANANA 40G,GAM'S PROTEIN,0.00,https://www.gams-shop.sk/_next/image?url=https%3A%2F%2Finstance11.admin.grandus.sk%2Ffiles%2Fthumbnail%2F106%2F118%2F2025-10-13%2F08fa61%2F2090666%2Fgam-s-extra-soft-banan_624x624%402x.jpg%3Fv%3D2025-10-13-2013-3A03-3A34&w=3840&q=80,2026-04-01 11:47:05.126435+00
6bbff3d6-c514-4d0d-84d1-3d2b791000da,BO-2720,PANETTONE CLASSIC IN TIN 750g,BORGO DI MEDICI,21.00,https://borgodemedici.us/sites/default/files/styles/product_sm/public/img/products/img/bdmp2303-latta-panettone-bdm.jpg?itok=uYqlWZul,2026-03-28 11:47:48.140172+00
6bc19f26-2910-47bf-be5c-350174d1e40e,ZO-4323,AMARETTO-MARZIPAN 70g,ZOTTER,4.75,https://www.zotter.at/fileadmin/media_data/shop/handgeschoepft/16263--amaretto-marzipan-hand-scooped-1-en.jpg,2026-03-28 11:47:48.140172+00
6c086a1a-1180-42e5-8fbe-93878a04be8a,HU-8623,WHITE TRUFFLE & PORCINI IN TUBE 150g,HUNTERS,4.15,https://gustoraro.gr/wp-content/uploads/2023/09/733603098623-300x300.jpg,2026-03-28 11:47:48.140172+00
6c47fe9c-d103-48ae-9453-5eb9bd87ca12,BO-2188,TOMATO SAUCE MARINARA 680g,BORGO DI MEDICI,5.55,https://gustoraro.gr/wp-content/uploads/2024/01/8032578552188-300x300.jpg,2026-03-28 11:47:48.140172+00
6c8eae98-a781-4308-a6a4-f0481eccafcf,BO3253,FLORENTINE CUSTARD 220g,BORGO DI MEDICI,7.95,https://gustoraro.gr/wp-content/uploads/2025/09/8032578553253-300x300.jpg,2026-03-28 11:47:48.140172+00
6cf453a1-dc79-4ae1-b4a9-4b4c07668a0e,MB-8129,CHILLI 200g,mrs.BRIDGES,4.45,https://gustoraro.gr/wp-content/uploads/2023/09/637793018129-300x300.jpg,2026-03-28 11:47:48.140172+00
6cff126f-ba7c-48de-a391-9f6c803c6ace,PI-9507,HAZELNUT CREAM -VEGAN 100g,PISCHINGER,2.05,https://gustoraro.gr/wp-content/uploads/2024/03/9003353019508-300x300.jpg,2026-03-28 11:47:48.140172+00
6d103073-6867-4010-8190-14e5f07a7312,MB-1277,CELEBRATION WITH CHAMPAGNE 340g,mrs.BRIDGES,5.95,https://gustoraro.gr/wp-content/uploads/2023/09/5020566701277-300x300.jpg,2026-03-28 11:47:48.140172+00
6d385b6e-9370-4cd3-96c1-12e97f159096,VI-2789,TRIANGLES-EMMENTAL & ESPELETTE PEPPER 60g,BON VIVANT,2.90,https://img.ankorstore.com/products/images/138742-47dfa4c3e63cec.jpg?auto=format%2Ccompress&fm=pjpg&dpr=2&h=200&w=200&fit=crop&crop=faces&force_format=webp,2026-03-28 11:47:48.140172+00
6dc1dc12-08cd-40d1-bea2-5457db218c73,DC-2582,FUSILLI with  & black rice 250g,DALLA COSTA,3.05,https://gustoraro.gr/wp-content/uploads/2025/09/8016419002582-300x300.jpg,2026-03-28 11:47:48.140172+00
6dd65be4-284f-43fb-a8b2-f1a3e37593b1,BO-7404,ALMONDS 100g,BORGO DI MEDICI,4.90,https://gustoraro.gr/wp-content/uploads/2024/01/8032578557404-300x300.jpg,2026-03-28 11:47:48.140172+00
6e0b7278-7dd7-4a4f-ae22-f72df8667b41,ME-0042,ΦΟΥΡΝΙΣΤΟ-NO ADDED SALT 400g,MAMA IRINE,3.45,https://gustoraro.gr/wp-content/uploads/2025/03/5200126260042-300x300.jpg,2026-03-28 11:47:48.140172+00
6e968c2b-eb06-4de6-a8d1-e700e73ac3ca,MB-1557,ORANGE WITH HONEY 340g,mrs.BRIDGES,5.95,https://gustoraro.gr/wp-content/uploads/2023/09/637793011557-300x300.jpg,2026-03-28 11:47:48.140172+00
6ea88a22-d747-4224-a805-6e08654d2fc3,XK-0266,ΚΟΥΛΟΥΡΙΔΑ ΧΙΟΥ 500g,XΙΩΤΙΚΟ ΚΕΛΑΡΙ,3.15,https://gustoraro.gr/wp-content/uploads/2023/09/5200366200266-600x600.jpg,2026-03-28 11:47:48.140172+00
6f3e60ee-724b-43d6-b85e-61ccf2eb6591,ZU-3442,ΡΟΔΙ SF 200ml,ZUEGG,1.25,https://gustoraro.gr/wp-content/uploads/2024/03/8000340003442.jpg,2026-03-28 11:47:48.140172+00
6faf9974-b595-4778-9904-4d78271be1f4,ZU-4895,STRAWBERRY 200ml,ZUEGG,1.25,https://gustoraro.gr/wp-content/uploads/2023/09/80354895-600x600.jpg,2026-03-28 11:47:48.140172+00
6fb77ca6-e9f1-48f5-a4b0-d44cc2001b84,TA-7337,FUSILLI BASILICO 250g,TARALLORO,2.50,https://gustoraro.gr/wp-content/uploads/2024/01/8003007827337-300x300.jpg,2026-03-28 11:47:48.140172+00
6fd139d0-d1aa-4165-956f-a64111ce1447,GU-4059,TOMATO 100g,GOULIBEUR,3.15,https://gustoraro.gr/wp-content/uploads/2024/01/3481712754059-300x300.jpg,2026-03-28 11:47:48.140172+00
7003226a-82ca-4207-88aa-01a5d8da9126,TA-7368,ZUCCHETTE ZUCCA 250g,TARALLORO,2.50,https://gustoraro.gr/wp-content/uploads/2024/01/8003007827368-300x300.jpg,2026-03-28 11:47:48.140172+00
70dc95ed-4bce-48f0-9a0d-4ab935c6489b,PI-5098,KAIZER - MILK CHOCO & HAZELNUT BRITTLE 45g,PISCHINGER,1.95,https://cdn.myshoptet.com/usr/www.mocafino.com/user/shop/big/11663_vidensky-krokant-franz-josef-45g-best-coffee-czech-republic.jpg?661535ca,2026-03-28 11:47:48.140172+00
70e95578-bcc5-4cd7-84ad-186686441d38,GM-0022,"MULTILAYER BAR STRAWBERRY 50G ",GAM'S PROTEIN,0.00,https://img01.zdravnitza.com/7638/protein-bar-multilayer-strawberry-with-25-protein-gam-s-50-g.jpg,2026-04-01 11:49:21.472699+00
71473def-fce3-4efe-ad95-815c96923984,GM-0904,BAR SALTED CARAMEL 50G,GAM'S PROTEIN,0.00,https://suplementosalmayor.cl/wp-content/uploads/2025/04/Gams_B_caramel-1.webp,2026-04-01 11:48:27.386874+00
714fe959-cc32-4cdf-8e4d-88ffc5bfeca7,BO-4557,TOMATO SAUCE WITH TUSCAN HERBS 530g,BORGO DI MEDICI,5.55,https://gustoraro.gr/wp-content/uploads/2025/09/8032578554557-300x300.jpg,2026-03-28 11:47:48.140172+00
7160cd01-9855-4b88-a012-e9b201469d31,MB-1564,VICTORIA PLUM 340g,mrs.BRIDGES,5.95,https://gustoraro.gr/wp-content/uploads/2023/09/637793011564-300x300.jpg,2026-03-28 11:47:48.140172+00
71951ecd-fc18-4912-94ce-3d0cb92a21d8,TJ-9014,WITH 6 VEGGIES 280g,TREVIJANO,3.95,https://gustoraro.gr/wp-content/uploads/2024/01/8410770910348-300x300.jpg,2026-03-28 11:47:48.140172+00
71a914c1-7552-411e-b984-308224b13558,LC-0266,HONEY BBQ 75g,LONG CHIPS,1.00,https://gustoraro.gr/wp-content/uploads/2023/09/4750127000266-300x300.jpg,2026-03-28 11:14:01.419627+00
727e7b93-cecc-4c18-8c60-af446f9c76f2,MJ-9411,CLASSICO 58g,MAJANI,3.90,https://gustoraro.gr/wp-content/uploads/2024/01/8003288289411-300x300.jpg,2026-03-28 11:47:48.140172+00
72ed78dd-3b8a-4ed9-9e4d-7f5662bdc1e0,BO-5301,PANETTONE CAPPUCCINO CHOCOLATE IN CARTON 500g,BORGO DI MEDICI,10.60,https://borgodemedici.us/sites/default/files/styles/product_sm/public/img/products/img/bdmp2500-cappuccino-chocolate-florentine-panettone-.jpg?itok=8rKWTbck,2026-03-28 11:47:48.140172+00
72f3ab17-d8fa-4796-9a49-5b52af99cec0,GW-0983,YORKSHIRE - shortbread & ginger 300g,GRANDMA WILDS,11.90,,2026-03-28 11:47:48.140172+00
7303eb1b-314d-4b1f-b503-ed5b907f26cb,MB-1020,BLOOD ORANGE 340g,mrs.BRIDGES,5.95,https://gustoraro.gr/wp-content/uploads/2023/09/837793021020-300x300.jpg,2026-03-28 11:47:48.140172+00
732ff67e-56f2-4c44-aa1b-6f025d8765ec,TA-8280,FUSILLI COL BUCO NATURAL FLAVOR 250g,TARALLORO,2.95,https://gustoraro.gr/wp-content/uploads/2025/09/8003007828280-300x300.jpg,2026-03-28 11:47:48.140172+00
73a9a157-f5ed-4c4a-a5f1-81c9d1759018,HE-4309,MILK FLORENTINE 100g,HEIDI,3.35,https://www.meinlamgraben.eu/shop/media/catalog/product/cache/0aa4cd66a4664108d0ccd625ec107b14/3/2/326615_heidiflorentine_milk_1_1.png,2026-03-28 11:47:48.140172+00
73fbcb85-2ccc-4003-ace8-a09f6a69cf79,MJ-0652,MILK CHOCO & EXOTIC CADIED FRUITS 120g,MAJANI,7.75,,2026-03-28 11:47:48.140172+00
74385131-f9c0-44bb-aecd-49ede6164b6d,SM-0854,BANANA 175g,SIMPKINS,3.30,https://gustoraro.gr/wp-content/uploads/2024/04/5011563600854-300x300.jpg,2026-03-28 11:47:48.140172+00
7438a57d-033d-4208-b37a-274fb37161c6,LC-0595,CLASSIC BBQ 75g,LONG CHIPS,1.00,https://gustoraro.gr/wp-content/uploads/2023/09/4750127300595-300x300.jpg,2026-03-28 11:14:01.419627+00
745006f7-bf5a-499c-8784-271021f2e1ca,BP-1459,ROSES 90g,BISCUITERIE DE PROVENCE,6.90,https://gustoraro.gr/wp-content/uploads/2024/04/3760081351459-300x300.jpg,2026-03-28 11:47:48.140172+00
747eb60e-606a-4ff9-b271-aa9acb0fa308,BO-0092,SOFT BAKED COCOA 200g,BORGO DI MEDICI,4.90,https://borgodemedici.us/sites/default/files/styles/product_sm/public/img/products/img/a050313-chocolate-soft-baked-biscotti.jpg?itok=JIovWFhC,2026-03-28 11:47:48.140172+00
75253a56-f9fa-4c11-863b-2fe6f19cec9a,OD-2576,MILL 80G ASSORTED PEPPERS,SALT ODYSSEY,4.95,https://gustoraro.gr/wp-content/uploads/2024/01/5200113802576-400x400.jpg,2026-04-02 15:17:59.275472+00
75347d5a-abef-42c0-ad52-229de007c8f6,TA-2752,LIMONE E PEPE 250g,TARALLORO,3.30,https://gustoraro.gr/wp-content/uploads/2024/01/8003007822752-300x300.jpg,2026-03-28 11:47:48.140172+00
75c35165-80a6-408e-acad-1795b1a78623,MB-5127,FIG 340g,mrs.BRIDGES,5.95,https://gustoraro.gr/wp-content/uploads/2023/09/637793025127-300x300.jpg,2026-03-28 11:47:48.140172+00
75f62f25-8a52-41a6-9a9e-ca0c586b5323,BO-8548,TORTELLINI WITH PORCINI 250G,BORGO DI MEDICI,4.15,https://borgodemedici.us/sites/default/files/styles/product_sm/public/img/products/img/bh2142-porcini-tortellini.jpg?itok=QwLVlYf7,2026-03-31 12:41:28.893828+00
7631becf-dead-460c-bce0-4a7dd76b9df2,TJ-1956,PASTA WITH MASHROOMS 200g,TREVIJANO,3.90,https://gustoraro.gr/wp-content/uploads/2025/03/8410770911956-300x300.jpg,2026-03-28 11:47:48.140172+00
7639c978-7263-48a9-9112-3c71a3ff1e1b,BO-7275,WITH POMEGRANATE 150g,BORGO DI MEDICI,3.95,https://gustoraro.gr/wp-content/uploads/2025/09/8032578557275-300x300.jpg,2026-03-28 11:47:48.140172+00
765242c1-001d-4fcc-98ef-a472fcf2c41e,HU-8630,BLACK TRUFFLE & PARMESAN IN TUBE 150g,HUNTERS,4.15,https://gustoraro.gr/wp-content/uploads/2023/09/733603098630-300x300.jpg,2026-03-28 11:47:48.140172+00
765f5b66-fb5d-43f1-931f-1a3fc4061506,GU-0048,TRADITIONEL 100g,GOULIBEUR,3.15,https://gustoraro.gr/wp-content/uploads/2024/01/3481712710048-300x300.jpg,2026-03-28 11:47:48.140172+00
77595b0f-bdd3-4e3e-9cc2-396543d5138f,SM-2849,STRAWBERRY & CREAM 200g,SIMPKINS,2.90,https://gustoraro.gr/wp-content/uploads/2024/04/5011563002849-300x300.jpg,2026-03-28 11:47:48.140172+00
789cf046-e9da-4271-af7f-73000a24d00c,BO-2478,BISCOTTONI LEMON 240g,BORGO DI MEDICI,5.75,https://borgodemedici.us/sites/default/files/styles/product_sm/public/img/products/img/bd2552-lemon-biscottoni.jpg?itok=alPpq-5p,2026-03-28 11:47:48.140172+00
79276e8e-68a9-48e2-a1c4-13abe144885c,MB-8235,LIME & BASIL 180g,mrs.BRIDGES,4.45,https://gustoraro.gr/wp-content/uploads/2023/09/637793018235-300x300.jpg,2026-03-28 11:47:48.140172+00
79938c44-9f55-4f7a-b42f-e6e2d84ffb7f,DC-2452,PENNE PROTEIN 30% 250g,DALLA COSTA,2.45,https://gustoraro.gr/wp-content/uploads/2025/09/8016419002452-300x300.jpg,2026-03-28 11:47:48.140172+00
7a740dcf-e4f0-4ac6-b88d-efadc2e8bdaa,SM-0890,COCONUT 175g,SIMPKINS,3.30,https://gustoraro.gr/wp-content/uploads/2024/04/5011563000890-300x300.jpg,2026-03-28 11:47:48.140172+00
7ad47283-af14-4a3a-8fad-2b62c26ce424,ZZ-1332,HEMP & JALAPENO 100g,CHAZZ,2.10,https://gustoraro.gr/wp-content/uploads/2025/03/4779047981332-300x300.jpg,2026-03-28 11:47:48.140172+00
7ae40e44-772a-4981-8291-6dcf117bb6fc,BO-1594,RASPBERRY 100g,BORGO DI MEDICI,4.90,https://gustoraro.gr/wp-content/uploads/2024/01/8032578551594-300x300.jpg,2026-03-28 11:47:48.140172+00
7b62bf1e-894a-46d9-b893-7c1ae0f0bc85,ZU-0383,KIWI & APPLE INTENCO 1000ml,ZUEGG,2.30,https://gustoraro.gr/wp-content/uploads/2024/03/8000340450383.jpg,2026-03-28 11:47:48.140172+00
7b62da1c-7bd9-4cc9-b915-ddc3bf0c639a,TA-7696,VANIGLIA 100g,TARALLORO,2.30,https://gustoraro.gr/wp-content/uploads/2024/01/8003007827696-300x300.jpg,2026-03-28 11:47:48.140172+00
7b78b9f6-a90f-40a1-b393-df0a9d176de2,DC-0395,ORGANIC tricolore Cars 300g,DALLA COSTA,2.05,https://gustoraro.gr/wp-content/uploads/2024/01/8016419400395-300x300.png,2026-03-28 11:47:48.140172+00
7b954fcf-26bf-4bb5-9824-5f487d6732f2,HE-4581,FILLED PRALINES WITH WHOLE CARAMELIZED NUTS 70g,HEIDI,3.35,,2026-03-28 11:47:48.140172+00
7c099d8c-130e-45d3-8cc1-cde53d0cdac7,ZO-6239,CHOCOBANANA 70g,ZOTTER,4.75,https://gustoraro.gr/wp-content/uploads/2024/01/9006403059301.jpg,2026-03-28 11:47:48.140172+00
7c2067d9-39df-4608-ba4f-ed79868bff78,FH-7919,CARTON-WHITE CHOCO CHIP 150g,FARMHOUSE,3.75,https://gustoraro.gr/wp-content/uploads/2025/09/5017162007919-300x300.jpg,2026-03-28 11:47:48.140172+00
7c468d2e-58a3-430b-b827-1b159ec3af38,NS-4194,VEGAN 180g,NORDSALSE,4.09,https://gustoraro.gr/wp-content/uploads/2024/01/8003979004194-300x300.jpg,2026-03-28 11:47:48.140172+00
7c7adc64-4ccd-47f6-959d-74a5509744d8,GM-1291,LENTIL CHIPS SEA SALT 65G,GAM'S PROTEIN,0.00,https://www.gams-shop.cz/_next/image?url=https%3A%2F%2Finstance11.admin.grandus.sk%2Ffiles%2Fthumbnail%2F106%2F121%2F2025-06-13%2F08fa61%2F1935796%2Fgam-s-protein-chipsy-morska-sol-65g_624x624%402x.jpg%3Fv%3D2025-06-13-2010-3A43-3A56&w=1080&q=80,2026-04-01 11:43:23.974649+00
7c9fbd50-8f56-4481-a402-394f50a99c12,MB-1129,DIJON 200g,mrs.BRIDGES,4.45,https://gustoraro.gr/wp-content/uploads/2023/09/637793021129-300x300.jpg,2026-03-28 11:47:48.140172+00
7cbef4fb-8901-4fdd-afeb-8ba31485b984,SP-1848,SALTED BUTTER CARAMEL 100g,SPECULHOUSE,3.00,https://gustoraro.gr/wp-content/uploads/2025/02/SpeculHouse-5425032801848-300x300.png,2026-03-28 11:47:48.140172+00
7cca6e6e-6e14-4568-a102-24e1c199b209,OD-2354,ΝΙΦΑΔΕΣ ΑΛΑΤΙ 75G ME ΜΕΛΑΝΙ ΣΟΥΠΙΑΣ,SALT ODYSSEY,2.55,https://gustoraro.gr/wp-content/uploads/2024/01/5200113802354-400x400.jpg,2026-04-02 15:20:49.862271+00
7ce7efa8-143c-4c76-9e10-acc67da46172,HE-1674,85% 80g,HEIDI,2.75,https://gustoraro.gr/wp-content/uploads/2023/09/5941021001674-300x300.jpg,2026-03-28 11:47:48.140172+00
7d051d0c-6e1a-4796-9c17-5914d551f3de,PI-5081,FAIRY WHEEL - MILK CHOCO & HAZELNUT BRITTLE 45g,PISCHINGER,1.95,https://pischinger.at/wp-content/uploads/2018/01/PI_1508_webKrok_WrToertchenRiesenrad_540x414.png,2026-03-28 11:47:48.140172+00
7d792630-24d0-4c02-9718-bbcd08916dcb,CZ-5521,BLACK TRUFFLE 85g,CRACKZEL,1.10,https://gustoraro.gr/wp-content/uploads/2024/04/8681042335521-300x300.jpg,2026-03-28 11:47:48.140172+00
7d7b7d32-fc6e-4a3c-b2d6-b8548fe304c4,NS-2565,GENOVESE CLASSIC 900g,NORDSALSE,11.55,https://gustoraro.gr/wp-content/uploads/2024/01/8003979003234-300x300.jpg,2026-03-28 11:47:48.140172+00
7e50a626-2dd0-43fc-84b9-866c65d4037b,SB-0116,NECTAR HAZELNUT 80g,STELLA BERNRAIN,4.15,https://gustoraro.gr/wp-content/uploads/2023/09/7610202000116-300x300.jpg,2026-03-28 11:47:48.140172+00
7e78113b-c5d7-43fa-a74f-a1b33ce69956,ME-0066,ΓΛΥΚΟΣ ΦΟΥΡΝΙΣΤΟΣ -NO ADDED SALT 400g,MAMA IRINE,3.45,https://gustoraro.gr/wp-content/uploads/2025/03/5200126260066-300x300.jpg,2026-03-28 11:47:48.140172+00
7edbc09e-c5f1-4d2d-9755-f57be2526e34,TA-5129,SPAGHETTI NERO SEPPIA 250g,TARALLORO,3.05,https://gustoraro.gr/wp-content/uploads/2024/01/8003007826286-300x300.jpg,2026-03-28 11:47:48.140172+00
7ee3ee13-c36b-4fa5-8a46-72b88caf4958,BE-4002,VESPA CLASSIC 400g,BELLI,11.00,https://gustoraro.gr/wp-content/uploads/2024/01/8003655654002-300x300.jpg,2026-03-28 11:47:48.140172+00
7f009263-b577-48e8-8786-aeaf1e016a53,HE-6806,CHEESECAKE 90g,HEIDI,2.95,https://img.cokoladovepokuseni.cz/images/heidi_cokolada_creme_d_or_cheesecake.png?vid=1&tid=24&r=B,2026-03-28 11:47:48.140172+00
7f0e9aab-ed25-477d-adb8-24196d983cef,VD-0952,CRANBERRIES & RASPBERRIES 75g,VERDUIJNS,2.50,https://gustoraro.gr/wp-content/uploads/2024/01/8713726201225-300x300.jpg,2026-03-28 11:47:48.140172+00
7fa50979-c956-43e5-abab-9bafa76d5364,MB-1426,PINEAPPLE & MANGO SALSA 200g,mrs.BRIDGES,4.45,https://gustoraro.gr/wp-content/uploads/2023/09/637793021426-300x300.jpg,2026-03-28 11:47:48.140172+00
7fb0df7d-6c59-47c5-aba1-42d9f5249d26,HE-4215,BLUEBERRY 80g,HEIDI,2.75,https://gustoraro.gr/wp-content/uploads/2023/09/5941021024215-300x300.jpg,2026-03-28 11:47:48.140172+00
7fef6955-a25f-4201-b695-d2d66dcd988b,OD-2064,ΘΑΛΑΣ/ΝΟ ΨΙΛΟ ΑΛΑΤΙ 1KG ΜΕΣΟΛΟΓΓΙΟΥ,SALT ODYSSEY,1.65,https://gustoraro.gr/wp-content/uploads/2024/01/5200113802064-400x400.jpg,2026-04-02 15:20:25.688529+00
80117a9c-f982-4dff-872f-532c23440a0c,MJ-4485,60% AL RUM 38g,MAJANI,4.00,https://gustoraro.gr/wp-content/uploads/2024/01/8003288354485-300x300.jpg,2026-03-28 11:47:48.140172+00
806e2e4a-a07d-4929-93ce-6ddd32a24c2e,BO-0221,BIO SPAGHETTI 500g,BORGO DI MEDICI,4.95,https://gustoraro.gr/wp-content/uploads/2024/01/8032578550221-300x300.jpg,2026-03-28 11:47:48.140172+00
80949fdb-eb97-4a06-86f1-cbbb433b135e,TF-1145,CHIPS 90g WHITE TRUFFLE,COLLE DEL TARTUFO,4.15,https://gustoraro.gr/wp-content/uploads/2024/01/8058268351145-600x600.jpg,2026-03-28 11:47:48.140172+00
81ce10cb-128c-4400-9d10-47d991b6b1a4,CZ-5316,GARLIC BREAD 85g,CRACKZEL,1.10,https://gustoraro.gr/wp-content/uploads/2024/04/8681042335316-300x300.jpg,2026-03-28 11:47:48.140172+00
824fc493-6e16-42ac-b7d9-1a2b9b156705,HU-9422,SMOKED SALT 150g,HUNTERS,4.15,https://encrypted-tbn0.gstatic.com/images?q=tbn:ANd9GcQmYZw6wp2ERc97oc15y-kDZwqLRqUiso2Nhw&s,2026-03-28 11:47:48.140172+00
825e8c6b-516f-4756-af31-69ac67ba5f4f,FH-7605,CARAMEL FUDGE 200g,FARMHOUSE,6.90,https://gustoraro.gr/wp-content/uploads/2024/03/5017162007605-300x300.jpg,2026-03-28 11:47:48.140172+00
83f5167f-5686-48c5-b1e1-c1e3516e063e,SB-9453,DARK 80% 100g,STELLA BERNRAIN,4.60,https://gustoraro.gr/wp-content/uploads/2023/09/7610202259453-300x300.jpg,2026-03-28 11:47:48.140172+00
8425c790-1367-4f0b-aad6-d4b24ea60b70,BO-5295,"FIGS, GRAPES & WALNUTS 320g",BORGO DI MEDICI,5.40,https://borgodemedici.us/sites/default/files/styles/product_sm/public/img/products/img/bh2506.jpg?itok=Ec3cPP84,2026-03-28 11:47:48.140172+00
84442691-f150-49f5-ad09-acbc42578822,HE-0378,RUM & WALNUTS 90g,HEIDI,2.95,https://gustoraro.gr/wp-content/uploads/2023/09/5941021020378-300x300.jpg,2026-03-28 11:47:48.140172+00
844e285e-00ef-46b4-9444-2d296398ff41,ZO-7796,DARK CHOCO-MOUSSE 70g,ZOTTER,4.75,https://encrypted-tbn0.gstatic.com/images?q=tbn:ANd9GcRAM-w0DOgCKcOXWlLeZ0wLssBc1ZgL4gsGYQ&s,2026-03-28 11:47:48.140172+00
84a9450e-79d0-4d76-810a-1f6214b23421,SM-0869,ROSE DELIGHT 175g,SIMPKINS,3.30,https://gustoraro.gr/wp-content/uploads/2024/04/5011563000869-300x300.jpg,2026-03-28 11:47:48.140172+00
863c3d14-1fb4-449e-bfeb-e9cb31b7768d,BO-0818,TRUFFLE PIZZA 1440 250ml,BORGO DI MEDICI,23.60,https://gustoraro.gr/wp-content/uploads/2024/01/8032578550818-300x300.jpg,2026-03-28 11:47:48.140172+00
86762c45-2f53-4d3c-a9d1-eb44929ffb34,BO-8999,APRICOT 330g,BORGO DI MEDICI,5.40,https://gustoraro.gr/wp-content/uploads/2025/09/8032578558999-300x300.jpg,2026-03-28 11:47:48.140172+00
86e11e17-0073-45f0-8c5d-c54569fb1be4,MJ-4238,BIANCO 65g,MAJANI,8.50,https://gustoraro.gr/wp-content/uploads/2025/03/8003288844238-300x300.jpg,2026-03-28 11:47:48.140172+00
86f46501-198b-418f-9f07-a4ec915643fa,TJ-0022,MASHROOMS 280g,TREVIJANO,3.95,https://gustoraro.gr/wp-content/uploads/2024/01/8410770910263-300x300.jpg,2026-03-28 11:47:48.140172+00
86fad716-9049-4490-b8b6-07cddc79b946,GW-3494,STRAWBERRY CREAM & WHITE CHOCO 150g,GRANDMA WILDS,3.55,https://gustoraro.gr/wp-content/uploads/2025/09/5019605023494-300x300.jpg,2026-03-28 11:47:48.140172+00
877bcb93-3855-40a1-b699-dfcaf91c294a,ZU-3294,ACE 200ml,ZUEGG,1.25,https://gustoraro.gr/wp-content/uploads/2023/09/80043294-600x600.jpg,2026-03-28 11:47:48.140172+00
8794540e-9a7e-4f32-b4a5-d12c4e2b1bec,SB-7019,COCONUT & CASHEWS 33g,STELLA BERNRAIN,1.95,https://mahlerundco.ch/12392-large_default/coco-cashew.jpg,2026-03-28 11:47:48.140172+00
87f23efa-111f-4545-9da0-edfcd4aa8bfd,SB-0109,NECTAR COCONUT 80g,STELLA BERNRAIN,4.15,https://gustoraro.gr/wp-content/uploads/2023/09/7610202000109-300x300.jpg,2026-03-28 11:47:48.140172+00
88a06cb7-d541-45a8-8cd5-7310d5b134ac,ZO-8007,FIG & PORT WINE 70g,ZOTTER,4.75,https://www.zotter.at/fileadmin/media_data/_processed_/2/4/csm_16547-fig-port-hand-scooped-1--en_f2765157d0.jpg,2026-03-28 11:47:48.140172+00
893375fe-001e-4802-9fff-9d1d9e7d64c0,SB-3233,DARK 75% COSTA RICA 70g,STELLA BERNRAIN,4.15,https://gustoraro.gr/wp-content/uploads/2025/03/7610148003233-300x300.jpg,2026-03-28 11:47:48.140172+00
893708bc-eb04-43a1-bd76-a12082ee1821,DC-0364,ORGANIC tricolore Mickey Mouse 300g,DALLA COSTA,2.05,https://gustoraro.gr/wp-content/uploads/2024/01/8016419400364-300x300.png,2026-03-28 11:47:48.140172+00
89387372-62e8-4907-b488-501251210602,TA-7320,MEZZE MANICHE SEPPIA 250g,TARALLORO,2.50,https://gustoraro.gr/wp-content/uploads/2024/01/8003007827320-300x300.jpg,2026-03-28 11:47:48.140172+00
89458089-17e0-48e9-9e52-ec3b0d147446,BO-7107,CHOCOLATE 250g,BORGO DI MEDICI,3.95,https://gustoraro.gr/wp-content/uploads/2024/01/8032578557107-300x300.jpg,2026-03-28 11:47:48.140172+00
8959158e-0e89-42b8-8fa4-5abdad8d4b00,BP-1233,ALMOND & APRICOT 120g,BISCUITERIE DE PROVENCE,4.45,https://gustoraro.gr/wp-content/uploads/2024/04/3571379021233-300x300.jpg,2026-03-28 11:47:48.140172+00
8b226cdf-af57-491d-a0d0-e5aa52156652,VI-3694,CHEESE & CHIVES 75g,BON VIVANT,2.90,https://encrypted-tbn0.gstatic.com/images?q=tbn:ANd9GcTp2XnLrNzO8nQUdNUQhvkeeDxtlF9EMhZQfA&s,2026-03-28 11:47:48.140172+00
8b603c8f-8f90-4ff8-929e-3b4171de1de1,LC-0991,CREAMY HORSERADISH 75g,LONG CHIPS,1.00,https://gustoraro.gr/wp-content/uploads/2025/02/4750127300991-300x300.png,2026-03-28 11:14:01.419627+00
8b82b38b-495e-4d71-affe-24f43d455e08,MJ-4094,FONDENTE & HAZELNUT 450g,MAJANI,43.00,https://gustoraro.gr/wp-content/uploads/2025/03/8003288374094-300x300.jpg,2026-03-28 11:47:48.140172+00
8bc1e342-6384-4e95-8432-d360d03f7b54,HU-9255,WHITE TRUFFLE & PORCINI IN TUBE 40g,HUNTERS,1.98,https://gustoraro.gr/wp-content/uploads/2024/01/733603099255-300x300.jpg,2026-03-28 11:47:48.140172+00
8bc81536-5568-4564-94e1-1d00b32d0558,NS-4927,GENOVESE BIO 120g,NORDSALSE,3.30,https://gustoraro.gr/wp-content/uploads/2024/01/8003979004927-300x300.jpg,2026-03-28 11:47:48.140172+00
8c7ed3d6-a831-46c9-b96f-5b0b231a6046,TJ-0091,MEDITERRANEAN 280g,TREVIJANO,3.95,https://gustoraro.gr/wp-content/uploads/2024/01/8410770910256-300x300.jpg,2026-03-28 11:47:48.140172+00
8c960a98-958c-4264-9a95-f6d8211de633,SB-5334,GIANDUJA 100g,STELLA BERNRAIN,4.45,https://gustoraro.gr/wp-content/uploads/2023/09/7610202475334-300x300.jpg,2026-03-28 11:47:48.140172+00
8c9643c7-f6b4-4d9f-9522-4a72ebfbacb9,GM-3394,CHIPSY SWEET CHILLI 65G,GAM'S PROTEIN,0.00,https://proteinpackage.co.uk/cdn/shop/products/SINGLE-PACK-32G-QUEST-NUTRITION-PROTEIN-CHIPS-CRISPS-SPICY-SWEET-CHILI-UK_1200x.png?v=1604620130,2026-04-01 11:59:48.02166+00
8c967ee2-e3f7-4360-a776-f526c02dbd10,OD-2187,MILL 160G HOT & SPICY SEA SALT,SALT ODYSSEY,3.15,https://gustoraro.gr/wp-content/uploads/2024/01/5200113802187.jpg,2026-04-02 15:14:34.121998+00
8d26609b-da27-4dd4-bab0-ff4eeb3ae4e5,XK-0433,ΣΤΡΙΦΤΑΡΙ ΜΑΝΤΑΡΙΝΙ 500g,XΙΩΤΙΚΟ ΚΕΛΑΡΙ,2.95,https://gustoraro.gr/wp-content/uploads/2023/09/5200366200433-600x600.jpg,2026-03-28 11:47:48.140172+00
8d5fb6f7-f76c-4b2a-a245-a48912cde4b7,GD-1505,CHEESE & GARLIC 120g,GUDOBELE,1.85,https://gustoraro.gr/wp-content/uploads/2024/01/4770350141505-300x300.jpg,2026-03-28 11:47:48.140172+00
8dcc1475-e129-4364-b547-116c4dd38aaa,HE-7811,CAPPUCCINO 90g,HEIDI,2.95,https://gustoraro.gr/wp-content/uploads/2024/01/5941021017811-300x300.jpg,2026-03-28 11:47:48.140172+00
8e04ff52-e95e-4eaf-821f-cac476815f07,BP-1121,VIOLET 100g,BISCUITERIE DE PROVENCE,5.75,https://gustoraro.gr/wp-content/uploads/2024/04/3760081351121-300x300.jpg,2026-03-28 11:47:48.140172+00
8e3479d0-940e-4139-9e81-068da7b50362,ZU-9463,ΠΟΡΤΟΚΑΛΙ SF 200ml,ZUEGG,1.25,,2026-03-28 11:47:48.140172+00
8e9b8a09-8091-4798-b9c2-6091fc1dfa81,SB-5161,INDIA 72% 70g,STELLA BERNRAIN,4.15,https://gustoraro.gr/wp-content/uploads/2024/01/7610202435161-300x300.jpg,2026-03-28 11:47:48.140172+00
8f1bff6b-ec2f-4e61-92ae-5af745de847b,GM-3516,FREEZE DRIED CHEESE SLICES 30G,GAM'S PROTEIN,0.00,https://www.gams-shop.cz/_next/image?url=https%3A%2F%2Finstance11.admin.grandus.sk%2Ffiles%2Fthumbnail%2F106%2F121%2F2026-02-06%2F67aac9%2F2122261%2Fgam-s-lyofilizovany-syr-parenica-30g_624x624%402x.jpg%3Fv%3D2026-02-06-2017-3A42-3A55&w=1080&q=80,2026-04-01 11:45:23.536451+00
8f338cd4-d4ff-4f03-84bf-ca211800b46e,ZU-3429,NO ADDED SUGAR ANANAS 1000ml,ZUEGG,2.30,https://gustoraro.gr/wp-content/uploads/2024/01/8000340473429.jpg,2026-03-28 11:47:48.140172+00
8f88f44e-f37e-4b5b-99a0-8ed60f088205,MJ-4214,FONDENTE 65g,MAJANI,8.50,https://gustoraro.gr/wp-content/uploads/2025/03/8003288844214-300x300.jpg,2026-03-28 11:47:48.140172+00
9053a35d-fa7a-4057-ab5f-4535aa75fe48,KE-2587,CINNAMON & HONEY,KEOGHS,3.00,https://www.keoghs.ie/wp-content/uploads/2025/11/Sweet-Cinnamon-FOP.png,2026-03-31 10:27:59.980988+00
90b94bd3-82cb-4f36-9b01-fcbc9f60c3a6,RI-3647,ONION & BALSAMIC MODENA 150g,RISI,3.10,https://encrypted-tbn0.gstatic.com/images?q=tbn:ANd9GcSap1VHYI69YpWbHasE6g4YkKuZwHDI74PaYg&s,2026-03-28 11:47:48.140172+00
911240dd-3d9e-408f-a0cd-3d0cd050565a,BP-2052,BLACK GARLIC 90g,BISCUITERIE DE PROVENCE,4.00,https://gustoraro.gr/wp-content/uploads/2024/04/3571303102052-300x300.jpg,2026-03-28 11:47:48.140172+00
9115582b-3802-4503-9a07-2040395632c0,ZU-0253,ACE INTENSO 1000ml,ZUEGG,2.30,https://gustoraro.gr/wp-content/uploads/2023/09/8000340450253.jpg,2026-03-28 11:47:48.140172+00
91163f7d-cec6-488f-a4d9-04edf8ab479d,ZO-2153,STRAWBERRIES 70g,ZOTTER,4.75,https://www.zotter.at/fileadmin/media_data/shop/handgeschoepft/16062-erdbeeren-handgeschoepft-1-de.jpg,2026-03-28 11:47:48.140172+00
912e903b-6b4f-4748-b02a-1136743ddffb,MJ-3910,GRAN NOCCIOLATO 100g,MAJANI,4.80,https://feine-schokolade.com/media/dc/4a/3b/1761659018/majani-gran-nocciolato-100g-1796.webp?ts=1761659114,2026-03-28 11:47:48.140172+00
91522f81-93c6-41de-af5d-89ca94cc8211,ZO-6384,CARAMEL & LEMON 70g,ZOTTER,4.75,https://www.zotter.at/fileadmin/media_data/shop/handgeschoepft/16937--caramel-lemon-hand-scooped-1-en.jpg,2026-03-28 11:47:48.140172+00
91879fe4-3781-4351-81ea-675457d74054,BO-3789,CHERRY CHILI WITH TUNA 180g,BORGO DI MEDICI,8.80,https://gustoraro.gr/wp-content/uploads/2024/01/8032578553789-300x300.jpg,2026-03-28 11:47:48.140172+00
918de040-04c8-496c-872c-23b43b78b148,PI-7062,FILLED WITH COCONUT CREAM 250g,PISCHINGER,5.85,https://i.ebayimg.com/images/g/ccgAAOSw6jRoREFe/s-l1200.jpg,2026-03-28 11:47:48.140172+00
91dc750e-fe89-405f-8cde-43b9712fd894,GM-3530,FREEZE DRIED CHEESE STICKS 30G,GAM'S PROTEIN,0.00,https://www.gams-shop.cz/_next/image?url=https%3A%2F%2Finstance11.admin.grandus.sk%2Ffiles%2Fthumbnail%2F106%2F121%2F2026-02-06%2Fc76d03%2F2122258%2Fgam-s-lyofilizovany-syr-nite-30g_624x624%402x.jpg%3Fv%3D2026-02-06-2017-3A42-3A30&w=1080&q=80,2026-04-01 11:45:49.212558+00
925dd760-ed8c-4cbb-bef9-63b245b72cdc,FH-7643,HONEY & OAT 250g,FARMHOUSE,9.10,https://gustoraro.gr/wp-content/uploads/2024/03/5017162007643-300x300.jpg,2026-03-28 11:47:48.140172+00
92724d16-6cc9-4aec-a4c5-63937e58e2ae,DC-5007,Zoo pomodoro & spinachi 250g,DALLA COSTA,1.85,https://gustoraro.gr/wp-content/uploads/2024/01/8016419125007-300x300.jpg,2026-03-28 11:47:48.140172+00
92aadec5-eb3b-4504-9e4a-b6714f525105,TA-2738,CALZONE 250g,TARALLORO,3.30,https://gustoraro.gr/wp-content/uploads/2024/01/8003007822738-300x300.jpg,2026-03-28 11:47:48.140172+00
92ceea1d-c1ce-46d1-a7d0-c3f2db2f3b3e,NS-2244,WITH TARTUFO 180g,NORDSALSE,4.05,https://gustoraro.gr/wp-content/uploads/2024/01/8003979002244-300x300.jpg,2026-03-28 11:47:48.140172+00
92f778f3-ab13-4fb4-98db-c9fe5802fd88,TA-5174,TAGLIOLINA PORCINI 250g,TARALLORO,3.05,https://www.la-cantina-weinhandel.de/media/image/product/1063/sm/tagliolini-ai-funghi-porcini.jpg,2026-03-28 11:47:48.140172+00
93d25327-246b-40f1-868d-d7fa670e043e,NS-2398,WITH PEPERONCINO 180g,NORDSALSE,3.75,https://gustoraro.gr/wp-content/uploads/2024/01/8003979002398-300x300.jpg,2026-03-28 11:47:48.140172+00
93ee1fb3-a933-4db6-82de-95983fafb0b4,MB-2807,PINK GRAPEFRUIT 340g,mrs.BRIDGES,5.95,https://gustoraro.gr/wp-content/uploads/2023/09/637793002807-300x300.jpg,2026-03-28 11:47:48.140172+00
94a8ab4c-e804-4662-ad00-68fb77a9d44b,ZO-3819,CHRISTMAS MAGIC (ALMOND & VANILLA) 70g,ZOTTER,4.75,,2026-03-28 11:47:48.140172+00
94fc9f9d-722d-48ac-9ab2-e20c786e7d12,BO-1457,MIXED NUTS IN TRUFFLE ACACIA HONEY 195g,BORGO DI MEDICI,9.00,https://gustoraro.gr/wp-content/uploads/2024/10/GUS10-300x300.jpg,2026-03-28 11:47:48.140172+00
9534c5aa-fd2e-4dcc-b90e-e0461dbd3c27,HE-7577,PISTACCHIOS 80g,HEIDI,2.75,https://gustoraro.gr/wp-content/uploads/2023/09/5941021007577-300x300.jpg,2026-03-28 11:47:48.140172+00
954f7761-57c5-4d8b-81f2-6afad30dab67,BO-1273,CAPONATA SICILIANA ALLA MELANZANE 190g,BORGO DI MEDICI,4.75,https://gustoraro.gr/wp-content/uploads/2024/01/8032578551273-300x300.jpg,2026-03-28 11:47:48.140172+00
95f30ef0-647c-4134-a1f9-1c0c1c19369d,ZO-6353,STRAWBERRY AND PISTACHIO 70g,ZOTTER,4.75,https://www.zotter.at/fileadmin/media_data/_processed_/4/2/csm_16936-strawberry-pistachio-hand-scooped-1-en_ebfa8a2af2.jpg,2026-03-28 11:47:48.140172+00
9624459e-bb09-47bb-bf48-079b4eee7108,MJ-5360,DARK 90% 20g,MAJANI,2.50,https://gustoraro.gr/wp-content/uploads/2024/01/8003288345360-300x300.jpg,2026-03-28 11:47:48.140172+00
967478e0-02a3-4e72-8312-ec6fcdfe6574,SB-5572,ALPES SWISS MILK 80g,STELLA BERNRAIN,3.75,https://gustoraro.gr/wp-content/uploads/2025/03/7610148005572-300x300.jpg,2026-03-28 11:47:48.140172+00
96d4da13-5e0e-4958-94f6-3409ec056de2,BO-2621,ASSORTED BISCUITS PISTACCHIO IN TUBE 280g,BORGO DI MEDICI,11.00,https://borgodemedici.us/sites/default/files/styles/product_sm/public/img/products/img/bh2511.jpg?itok=tzWTKNcI,2026-03-28 11:47:48.140172+00
9769b2b7-5e75-4dfb-9438-bcdc65c537b3,CP-0437,ZUCCHIN & GOAT CHEESE 100g,CUISINE PROVENCALE,3.95,https://gustoraro.gr/wp-content/uploads/2025/02/La-Cuisine-Provencale-3302764100437-300x300.png,2026-03-28 11:47:48.140172+00
97fe5ad8-d3e7-41b0-8120-296c1a60fba9,BO-5153,TIRAMISU 100g,BORGO DI MEDICI,4.90,https://gustoraro.gr/wp-content/uploads/2024/01/8032578555153-300x300.jpg,2026-03-28 11:47:48.140172+00
98056ee4-2bf5-4dba-9a2c-348eff2e2ef0,ME-0011,ΜΕ ΑΓΡΙΟ ΜΑΝΙΤΑΡΙ-VEGAN - NO ADDED SALT 400g,MAMA IRINE,4.45,https://gustoraro.gr/wp-content/uploads/2025/03/5200126260011-300x300.jpg,2026-03-28 11:47:48.140172+00
983d42e0-0585-4166-a4c4-eb027a3b353b,KE-1498,SOUR CREAM & ONION 125g,KEOGHS,2.72,https://gustoraro.gr/wp-content/uploads/2023/09/5391527731498-300x300.jpg,2026-03-28 11:47:48.140172+00
9847beb5-23a0-4c62-9f95-a9a96c6bc1cf,LC-0648,FLAMING CHILI 75g,LONG CHIPS,1.00,https://www.sempos.gr/thumbnails/images/smart/images/products/2024/06/600x501x70-10.png,2026-03-28 11:14:01.419627+00
984f8f34-228f-406e-96a1-63c48400ab7f,DI-4485,VODKA 680g,TARALLORO,4.25,https://encrypted-tbn0.gstatic.com/images?q=tbn:ANd9GcQ4PqlLgFRwsvS3YPwV_H8cKLuQ1SsxflliTg&s,2026-03-28 11:47:48.140172+00
985324b5-2567-46b1-a3ae-83116c0f74c5,BP-2029,ALMOND & CHOCOLATE - GLUTEN FREE 130g,BISCUITERIE DE PROVENCE,4.95,https://gustoraro.gr/wp-content/uploads/2024/04/3571305102029-300x300.jpg,2026-03-28 11:47:48.140172+00
9879121e-32c4-410b-8c0e-cb38829fa520,GM-1674,GINGER SHOT CRANBERRY 60ML,GAM'S PROTEIN,0.00,https://suplementosalmayor.cl/wp-content/uploads/2025/04/GamsShot-brusnica-1.webp,2026-04-01 11:56:19.164141+00
98a5d608-e3a9-484e-ba2b-d486611e2747,GW-1300,TRIPLE CHOCO CHIP 150g,GRANDMA WILDS,3.55,https://gustoraro.gr/wp-content/uploads/2025/02/5019605001300-300x300.png,2026-03-28 11:47:48.140172+00
98e9393c-aeb5-4265-a4dd-e792920e9710,ZO-2937,TIRAMISU 70g,ZOTTER,4.75,https://www.zotter.at/fileadmin/media_data/shop/handgeschoepft/16502-tiramisu-hand-scooped-1--en.jpg,2026-03-28 11:47:48.140172+00
9904fe59-d36d-4506-b5da-876f61d4a8ba,SM-0844,APPLE & GINGER 150g,SIMPKINS,4.50,https://gustoraro.gr/wp-content/uploads/2024/04/5011563010844-300x300.jpg,2026-03-28 11:47:48.140172+00
992482d8-4d91-4d35-a191-e55198511a36,RI-0639,CARAMEL 30G,RISI,0.85,https://encrypted-tbn0.gstatic.com/images?q=tbn:ANd9GcT6q0IMXI1B5t5BZUoknmP0OP0mvPIa_xTBtg&s,2026-03-28 11:47:48.140172+00
99be206d-4539-4f12-a1a2-be4e6b1317d5,FH-7636,DARK CHOCO & ORANGE MARMALADE 150g,FARMHOUSE,5.95,https://gustoraro.gr/wp-content/uploads/2024/03/5017162007636-300x300.jpg,2026-03-28 11:47:48.140172+00
99c795f1-9bdf-46d0-b92f-8bad35d5b524,MB-0140,ORANGE WITH WHISKY 340g,mrs.BRIDGES,5.95,https://gustoraro.gr/wp-content/uploads/2023/09/5020566700140-300x300.jpg,2026-03-28 11:47:48.140172+00
99d12604-61c7-4b5b-bbc6-eee7f1c86f83,MJ-7807,TORRE MIXED 79g,MAJANI,11.25,https://gustoraro.gr/wp-content/uploads/2024/01/8003288277807-300x300.jpg,2026-03-28 11:47:48.140172+00
9a2c2d75-dcec-4131-8c89-9bc25cfe285b,CZ-5019,HONEY MUSTARD ONION 85g,CRACKZEL,1.10,https://gustoraro.gr/wp-content/uploads/2024/04/8681042335019-300x300.jpg,2026-03-28 11:47:48.140172+00
9a762e01-a25d-45c8-944d-4147271a2379,BO-1327,ZABAIONE CREAM 180g,BORGO DI MEDICI,7.75,https://gustoraro.gr/wp-content/uploads/2025/09/8032578551327-300x300.jpg,2026-03-28 11:47:48.140172+00
9ac34b49-1e05-447c-9e3d-11f797e0ddab,SB-6982,BERRY CRUNCH 33g,STELLA BERNRAIN,1.95,https://mahlerundco.ch/12389-large_default/berry-crunch.jpg,2026-03-28 11:47:48.140172+00
9aca3e9f-b45a-45da-a94a-dfdc7a7a2c49,TA-7351,RICCIOLI PORCINI 250g,TARALLORO,2.50,https://gustoraro.gr/wp-content/uploads/2024/01/8003007827351-300x300.jpg,2026-03-28 11:47:48.140172+00
9b7d9ecb-a291-45b2-aac8-d699aa0bc1a2,GD-2101,MUSTARD & HONEY 120g,GUDOBELE,1.85,https://gustoraro.gr/wp-content/uploads/2024/01/4770350022101-300x300.jpg,2026-03-28 11:47:48.140172+00
9c0d5a90-59a9-4474-80db-8d09b0c27255,OD-2583,FLAKES JAR 100G NATURAL,SALT ODYSSEY,2.90,https://gustoraro.gr/wp-content/uploads/2024/01/5200113802583-400x400.jpg,2026-04-02 15:13:52.136244+00
9c565ef8-d079-499f-80f6-5d34d71b80a3,BP-2075,LEMON & ALMOND 120g,BISCUITERIE DE PROVENCE,4.00,https://encrypted-tbn0.gstatic.com/images?q=tbn:ANd9GcTNuhyowKcbS4rTrKN2843o2hbgnhWqs2EvEA&s,2026-03-28 11:47:48.140172+00
9c58f53c-b77b-44ae-8ddb-16f2ebb7144b,DC-3053,ORGANIC tricolore Stitch 300g,DALLA COSTA,2.05,"https://m.media-amazon.com/images/I/61Xk3aiy90L._AC_UF1000,1000_QL80_.jpg",2026-03-28 11:47:48.140172+00
9c5ad8d3-abff-4737-b300-0dd52c0fae1f,ZO-9651,MANGO CHILI 70g,ZOTTER,4.75,https://encrypted-tbn0.gstatic.com/images?q=tbn:ANd9GcQPpRczuBTyXo1y0dSGExeeaAgeP0FpGbq4qA&s,2026-03-28 11:47:48.140172+00
9cfe187f-ef5e-4d0b-8815-71ad487e97ed,ME-0004,ΦΡΕΣΚΩΝ ΛΑΧΑΝΙΚΩΝ-VEGAN - NO ADDED SALT 400g,MAMA IRINE,3.45,https://gustoraro.gr/wp-content/uploads/2025/03/5200126260004-300x300.jpg,2026-03-28 11:47:48.140172+00
9d240572-f387-426c-aba6-d7c6abe14e1e,MB-7060,APPLE SAUCE WITH CIDER 240g,mrs.BRIDGES,4.15,https://gustoraro.gr/wp-content/uploads/2023/09/637793027060-300x300.jpg,2026-03-28 11:47:48.140172+00
9d290cce-b574-4a85-86e3-1dbdae149941,BE-2509,COFFEE BEANS & ALMONDS 250g,BELLI,2.95,https://oinotypo.gr/wp-content/uploads/2023/03/333000013-3.jpg,2026-03-28 11:47:48.140172+00
9d37e1ec-926f-4fd6-b637-3dc3f92497a5,SB-5626,CHOVIVA & COOKIES 80g,STELLA BERNRAIN,3.75,https://gustoraro.gr/wp-content/uploads/2025/03/7610148005626-300x300.jpg,2026-03-28 11:47:48.140172+00
9dffa1c8-11b9-40fd-82bd-0c71b056940a,VD-1123,SESAME & SEA SALT 75g,VERDUIJNS,2.50,https://gustoraro.gr/wp-content/uploads/2024/01/8713726300553-300x300.jpg,2026-03-28 11:47:48.140172+00
9e46a1d0-8e13-4e68-92b4-99e95d088652,FH-7926,CARTON-MILK CHOCO CHIP 150g,FARMHOUSE,3.75,https://gustoraro.gr/wp-content/uploads/2025/09/5017162007926-300x300.jpg,2026-03-28 11:47:48.140172+00
9f147068-81f3-4fe3-8071-a062ccaa891d,VD-1317,DARK CHOCOLATE 75g,VERDUIJNS,2.50,https://alvarezdelicatessen.com/101711-large_default/verduijns-dark-chocolate-thins.jpg,2026-03-28 11:47:48.140172+00
9f1617e9-468a-4226-808e-1f812ebe72d7,FH-7568,CHOCOLATE BROWNIE 100g,FARMHOUSE,3.35,https://gustoraro.gr/wp-content/uploads/2024/03/5017162007568-300x300.jpg,2026-03-28 11:47:48.140172+00
9f1f3326-6d28-4bf6-89df-498c999b6d34,BO-0726,RICE WITH ARTICHOKES 220g,BORGO DI MEDICI,4.55,https://gustoraro.gr/wp-content/uploads/2025/05/8032578550726-300x300.jpg,2026-03-28 11:47:48.140172+00
9fa014be-8a99-462e-a9cd-ebe55d0eb48a,ZO-8247,WHISKY 70g,ZOTTER,4.75,https://www.zotter.at/fileadmin/media_data/shop/handgeschoepft/16151--whisky-handscooped-1-en.jpg,2026-03-28 11:47:48.140172+00
a00a0430-8c58-468e-ab35-787c7c1efdb3,ZU-9543,"MANDARINE,ORANGE,LEMON & MINT 500ml",ZUEGG,1.35,https://gustoraro.gr/wp-content/uploads/2025/06/8000340009543_1080x1080-1024x1024.jpg,2026-03-28 11:47:48.140172+00
a056b8ee-1a5a-4932-b59c-60e39edd0b8f,MB-8167,HONEY WITH CHAMPAGNE 200g,mrs.BRIDGES,4.45,https://gustoraro.gr/wp-content/uploads/2023/09/637793018167-300x300.jpg,2026-03-28 11:47:48.140172+00
a084af75-9f61-409e-8e96-b8af34fd01f4,BO-5417,TUBE MINI PANDORO ASSORTED 280g,BORGO DI MEDICI,8.20,https://borgodemedici.us/sites/default/files/styles/product_sm/public/img/products/img/bh2520-assorted-filled-pandoro-in-tube-.jpg?itok=mlZkmkpL,2026-03-28 11:47:48.140172+00
a0b777d1-f4b8-4e26-9f45-59f2995c5d21,BO-5288,MINI PANETTONE PISTACHIO 100g,BORGO DI MEDICI,2.65,https://gustoraro.gr/wp-content/uploads/2024/10/GUS22-300x300.jpg,2026-03-28 11:47:48.140172+00
a150bb16-e158-4550-b9b6-e010f54d7782,HE-4703,ADVENT CALENDAR 110g,HEIDI,8.90,https://gustoraro.gr/wp-content/uploads/2024/10/5941021024703-300x300.jpg,2026-03-28 11:47:48.140172+00
a187264e-152a-41a8-8a6c-25bf1d7602c8,HE-4598,FILLED PRALINES WITH COCONUT 70g,HEIDI,3.35,,2026-03-28 11:47:48.140172+00
a19834a8-8c0d-4c94-8c6c-59f52a15271a,BO-7442,LEMON 100g,BORGO DI MEDICI,4.75,https://gustoraro.gr/wp-content/uploads/2025/09/8032578557442-300x300.jpg,2026-03-28 11:47:48.140172+00
a1c7e322-ba7f-4832-9e6b-161c75773f91,SB-7385,DARK 80% UGANDA 70g,STELLA BERNRAIN,4.15,https://www.chocolatstella.ch/_default_upload_bucket/4175/image-thumb__4175__coreshop_productDetail2025/of-uganda_newbrand~-~media--1d2e2921--query.81cc8558.png,2026-03-28 11:47:48.140172+00
a2838226-65fa-4445-ac38-985b64d342d5,HE-8673,"WHITE CHOCO WITH ALMONDS,PISTACCHIO & ORANGE 100g",HEIDI,3.35,https://imageproxy.wolt.com/assets/6916e34f2d5740aaaa5a2b9e,2026-03-28 11:47:48.140172+00
a2ef2248-d9c7-4a90-87be-fdbec2fe967c,ZZ-1660,BBQ 100g,CHAZZ,2.10,https://gustoraro.gr/wp-content/uploads/2025/03/4779047981660-300x300.jpg,2026-03-28 11:47:48.140172+00
a35ea6df-edaf-4f03-a143-9b2ce0868145,HU-5653,BLACK TRUFFLE IN TUBE 40g,HUNTERS,1.98,https://gustoraro.gr/wp-content/uploads/2024/01/733603095653-300x300.jpg,2026-03-28 11:47:48.140172+00
a3a9f7bb-8250-45fe-be7e-ce329b959827,CP-0051,BEARNAISE 180g,CUISINE PROVENCALE,4.45,https://gustoraro.gr/wp-content/uploads/2025/02/La-Cuisine-Provencale-3302768100051-300x300.png,2026-03-28 11:47:48.140172+00
a3c3e4ab-8d7b-4de7-8f94-a6a5651cf831,DC-0315,ORGANIC TUBETTI MIXED vegetables 250g,DALLA COSTA,3.05,https://img.esanitex.net/image/b386901a-f0b8-4eba-b495-5827aba6cc51.jpg,2026-03-28 11:47:48.140172+00
a3d74ed9-a938-4133-a252-e7bfc5df850c,HE-1261,75% 80g,HEIDI,2.75,https://gustoraro.gr/wp-content/uploads/2023/09/5941021001261-300x300.jpg,2026-03-28 11:47:48.140172+00
a4043143-2db4-40f3-a457-26c0d0403f1c,BB-6928,ORIGINAL 510g,SWEET BABY RAY'S,4.95,https://gustoraro.gr/wp-content/uploads/2023/09/0013409516928-300x300.jpg,2026-03-28 11:47:48.140172+00
a409fc8d-90b0-43ac-9f0a-3bdbc924c5c2,GM-2472,DUBAI CHOCOLATE STYLE BAR HAZELNUT 60G,GAM'S PROTEIN,0.00,https://www.proage-nutrition.lv/cdn/shop/files/GAM_s_tycinka_DUBAI_Hazelnuts_2.png?v=1752602409&width=533,2026-04-01 11:46:01.00701+00
a449d9e0-67c3-4f78-9f6e-c5b8453acf12,MB-0034,ORANGE WITH STEM GINGER 340g,mrs.BRIDGES,5.95,https://gustoraro.gr/wp-content/uploads/2023/09/5020566700034-300x300.jpg,2026-03-28 11:47:48.140172+00
a4b7df8d-0672-42db-b90f-518dcc4d7e0c,GM-1680,GINGER SHOT TURMERIC & SEA BUCKTHRON 60ML,GAM'S PROTEIN,0.00,https://suplementosalmayor.cl/wp-content/uploads/2025/04/GamsShot-rakytnik-1.webp,2026-04-01 11:58:12.907964+00
a4e698d1-ac34-46e8-ac42-0576ec865301,ZU-9512,APPLE & ELDERFLOWER 500ml,ZUEGG,1.35,https://gustoraro.gr/wp-content/uploads/2025/06/8000340009512_1080x1080-1024x1024.jpg,2026-03-28 11:47:48.140172+00
a52965a5-1617-4c78-bc13-b498eda90379,TA-7719,FRUTTI ROSSI 100g,TARALLORO,2.30,https://gustoraro.gr/wp-content/uploads/2024/01/8003007827719-300x300.jpg,2026-03-28 11:47:48.140172+00
a5f4aefa-a656-4ad7-977e-66eaf0bf1af3,RI-0485,TANZANIA 150g,RISI,4.25,https://gustoraro.gr/wp-content/uploads/2025/02/Risi-8411859560485-300x300.png,2026-03-28 11:47:48.140172+00
a6861946-d137-4f51-a2b2-a687d33488f2,GU-4011,OLIVES 100g,GOULIBEUR,3.15,https://gustoraro.gr/wp-content/uploads/2024/01/3481712754011-300x300.jpg,2026-03-28 11:47:48.140172+00
a6c08022-5938-4cf8-b36c-df3423b1347a,ZU-0574,NO ADDED SUGAR ACE 330ml,ZUEGG,1.30,https://gustoraro.gr/wp-content/uploads/2023/09/8000340450574.jpg,2026-03-28 11:47:48.140172+00
a70587f3-68d9-419f-b932-cbc6701f9e77,ZU-2456,ΑΧΛΑΔΙ SF 200ml,ZUEGG,1.25,https://gustoraro.gr/wp-content/uploads/2025/02/80982456-1024x1024.png,2026-03-28 11:47:48.140172+00
a7a1e5ea-da65-45c2-88c9-e45d99129a85,ZO-6860,HAPPY NEW YEAR (MARC DE CHAMPAGNE) 70g,ZOTTER,4.75,,2026-03-28 11:47:48.140172+00
a7a2af96-a65a-4ec5-8d8e-6736bf42ab05,RI-0706,CARAMELIZED MASHROOMS 150g,RISI,3.10,https://encrypted-tbn0.gstatic.com/images?q=tbn:ANd9GcTPP8tq6lHOw7Zrg1X8bynfdoQD2lfgqdaweg&s,2026-03-28 11:47:48.140172+00
a7b98609-f48c-430f-9816-2bfe039af2ca,ZZ-1011,SWEET CHILI 100g,CHAZZ,2.40,https://gustoraro.gr/wp-content/uploads/2025/03/4779047981011-1-300x300.jpg,2026-03-28 11:47:48.140172+00
a7fb19f3-68cb-4876-8600-fe2c18948207,DI-0180,CLASSIC 425g,TARALLORO,4.45,,2026-03-28 11:47:48.140172+00
a804cf55-57d8-4e53-a64b-eba0681359ff,HE-4574,FILLED PRALINES WITH APPLE & CINNAMON CREAM 70g,HEIDI,3.35,,2026-03-28 11:47:48.140172+00
a81fd032-2ab6-4695-89bf-6a5a41016084,PI-9584,HASELNUT & DARK CHOCO 200g,PISCHINGER,4.25,https://cdn.myshoptet.com/usr/www.mocafino.co.uk/user/shop/big/17881_pischinger-hazelnut-dark-chocolate-200-g.jpg?67e228a3,2026-03-28 11:47:48.140172+00
a90fba6f-5600-47da-8af5-760b2fc5dc89,MJ-2306,ORANGE PEELS & DARK CHOCOLATE 100g,MAJANI,9.90,https://m.media-amazon.com/images/I/51kkz7CQXXL.jpg,2026-03-28 11:47:48.140172+00
a91c50a1-ac8f-4c78-9630-8755f38b05bb,GW-0000,CRUMBLY OATIES 150g,GRANDMA WILDS,3.55,https://gustoraro.gr/wp-content/uploads/2025/09/5019605200000-300x300.jpg,2026-03-28 11:47:48.140172+00
a9707593-412e-4ee4-b064-63bc00d18443,BP-2319,POPPY FLOWERS 100g,BISCUITERIE DE PROVENCE,5.75,https://gustoraro.gr/wp-content/uploads/2024/04/3760081352319-300x300.jpg,2026-03-28 11:47:48.140172+00
a9e96db6-967e-4a1b-9c42-7914a608531f,BO-1648,ALMONDS IN TRUFFLE ACACIA HONEY 195g,BORGO DI MEDICI,9.00,https://gustoraro.gr/wp-content/uploads/2024/10/GUS11-300x300.jpg,2026-03-28 11:47:48.140172+00
aa14c803-2f88-403e-ad86-ef7b5cf7342f,ZZ-0816,GHOST PEPPER 50g,CHAZZ,2.10,https://gustoraro.gr/wp-content/uploads/2025/03/4779047980816-300x300.jpg,2026-03-28 11:47:48.140172+00
aa3e624a-8dde-4596-8513-219ce6981a1d,FH-4840,CHOCO CHIPS 150g,FARMHOUSE,3.15,https://gustoraro.gr/wp-content/uploads/2024/01/5017162004840-300x300.png,2026-03-28 11:47:48.140172+00
aa96e850-ba4f-40f0-8cc2-e3fec9e65328,NS-3876,BLACK OLIVES 180g,NORDSALSE,3.35,https://gustoraro.gr/wp-content/uploads/2024/01/8003979003876-300x300.jpg,2026-03-28 11:47:48.140172+00
aabcc065-710c-4bd4-8f02-da72959195a2,PI-9774,LEMON - VEGAN 100g,PISCHINGER,2.05,https://gustoraro.gr/wp-content/uploads/2024/03/9003353029774-300x300.jpg,2026-03-28 11:47:48.140172+00
aafddee7-1293-47b8-9674-f79daf030a2e,MJ-0205,FONDENTE 30G,MAJANI,1.45,https://www.olaszbolt.hu/images/virtuemart/product/resized/product_5738_1759412053_1400x0.jpg,2026-03-28 11:47:48.140172+00
ab771b21-754f-4fce-ad2a-d725767c90e8,CZ-5217,JALAPENO 85g,CRACKZEL,1.10,https://gustoraro.gr/wp-content/uploads/2024/04/8681042335217-300x300.jpg,2026-03-28 11:47:48.140172+00
ab9babaf-c549-476b-810f-ff26d0823e68,TA-2257,AL PEPERONCINO 250g,TARALLORO,3.30,https://gustoraro.gr/wp-content/uploads/2024/01/8003007822257-300x300.jpg,2026-03-28 11:47:48.140172+00
abc7cdaa-ed3b-4fd5-b9d0-d294e61feb71,RI-0431,BBQ 105g,RISI,1.90,https://risi.es/static/img/productos/match-ball-barbacoa.png,2026-03-28 11:47:48.140172+00
aca90e81-f699-431b-8696-4e153ca21c81,GD-2507,GARLIC 120g,GUDOBELE,1.85,https://gustoraro.gr/wp-content/uploads/2024/01/4770350022507-300x300.jpg,2026-03-28 11:47:48.140172+00
acb4cb3a-93d7-4722-9e1d-3e82e634be8e,MJ-1657,PERU 70% 230g,MAJANI,23.00,https://gustoraro.gr/wp-content/uploads/2025/03/8003288840933-300x300.jpg,2026-03-28 11:47:48.140172+00
ad44fbbb-d6f3-4fa6-9006-07178848f922,SM-1620,GIN & TONIC 120g,SIMPKINS,3.90,https://gustoraro.gr/wp-content/uploads/2024/04/5011563001620-300x300.jpg,2026-03-28 11:47:48.140172+00
ad769a91-17f5-4827-be04-a7d3a79f7aca,TJ-1963,BOLOGNESE STYLE PASTA 200g,TREVIJANO,3.90,https://gustoraro.gr/wp-content/uploads/2025/03/8410770911963-300x300.jpg,2026-03-28 11:47:48.140172+00
ad7d8c94-5c17-4b33-82b8-81791f6ff55e,BP-2429,PINK PRALINES 120g,BISCUITERIE DE PROVENCE,4.00,https://encrypted-tbn0.gstatic.com/images?q=tbn:ANd9GcTXT048drhRCoxtbx2Pwaz-MII7jzcV6Wa-Jg&s,2026-03-28 11:47:48.140172+00
adfee465-2029-40a2-a75d-f9071425aad1,MJ-4245,FRAGOLA 65g,MAJANI,8.50,https://gustoraro.gr/wp-content/uploads/2025/03/800328884424-300x300.jpg,2026-03-28 11:47:48.140172+00
aec043f0-97bb-4135-a5e6-d4b08b965f1c,BO-56773,CREMINO BICOLORI 400g,BORGO DI MEDICI,5.40,https://borgodemedici.us/sites/default/files/styles/product/public/img/products/img/bh2424-crema-spalmabile-bicolore-400g-astuccio-gable-bdm-cucina-usa.jpg?itok=bmCPjJ3J,2026-03-28 11:47:48.140172+00
af01fdb3-bcff-4a82-9089-d7d37644667c,FH-7674,LEMON & COCONUT 250g,FARMHOUSE,9.95,https://gustoraro.gr/wp-content/uploads/2024/03/5017162007674-300x300.jpg,2026-03-28 11:47:48.140172+00
af06358a-27f6-4c6a-9dbd-295bdfee25b2,VD-0775,CHEESE (AGGED GUDA) 75g,VERDUIJNS,2.50,https://gustoraro.gr/wp-content/uploads/2024/01/8713726300775-300x300.jpg,2026-03-28 11:47:48.140172+00
af3f5fd5-0bda-40ad-9e54-34e3741f3537,PI-9539,MIGNON CACAO - VEGAN 200g,PISCHINGER,3.05,https://gustoraro.gr/wp-content/uploads/2024/03/9003353019539-300x300.jpg,2026-03-28 11:47:48.140172+00
af76dc72-3eca-45f9-8237-efcecae40b9f,BP-1374,PISTACCHIO 90g,BISCUITERIE DE PROVENCE,6.90,https://gustoraro.gr/wp-content/uploads/2024/04/3760081351374-300x300.jpg,2026-03-28 11:47:48.140172+00
afb27c7a-f6df-44a3-bf25-c17b43df7d12,BP-6408,CLASSIC SENT-REMY 90g,BISCUITERIE DE PROVENCE,6.90,https://gustoraro.gr/wp-content/uploads/2024/04/3770002216408-300x300.jpg,2026-03-28 11:47:48.140172+00
afe4785d-ebfd-4c74-a7d3-ee7ba5a8b3f3,HE-0899,DARK & WHOLE HAZELNUTS 100g,HEIDI,3.35,https://heidi-chocolate.com/uploads/products/2022W19/0025-grandor-darkhazelnuts-100g-gallery-3.png,2026-03-28 11:47:48.140172+00
aff7acf2-108c-46ec-ae52-cd35b52a31ef,DI-3811,GRILLED GARLIC 350g,TARALLORO,2.90,https://www.thetuscankitchen.com/cdn/shop/files/Di_Bari_-_Roasted_Garlic_02.jpg?v=1759520920,2026-03-28 11:47:48.140172+00
affe3ae7-81f4-4036-a423-a6718b861a8f,CV-1851,MINI WITH WITH BLUE CHEESE 130g,VECHIO MULINO,3.50,https://gustoraro.gr/wp-content/uploads/2023/09/8025848001851-300x300.jpg,2026-03-28 11:47:48.140172+00
b030e3b1-2b83-481a-997c-bea7b7a5fea7,GW-9313,DOGS IN JUMPERS - assorted 160g,GRANDMA WILDS,9.95,https://maplegifts.co.uk/cdn/shop/files/X2269_4grandma-wild-s-dogs-in-jumpers-embossed-stem-ginger-lemon-cookies-with-shortbread-biscuits-tin_1200x1200_crop_center.png?v=1765197803,2026-03-28 11:47:48.140172+00
b07150fa-7bf2-4cca-bb35-7c2415f9c7ce,BO-1341,BIO FARFALLE WITH VEGETABLES 250g,BORGO DI MEDICI,5.95,https://gustoraro.gr/wp-content/uploads/2025/09/8032578551341-300x300.jpg,2026-03-28 11:47:48.140172+00
b115ea14-847e-4c60-b92f-edd145c5cf19,ZO-7918,MILK CHOCO-MOUSSE 70g,ZOTTER,4.75,https://www.zotter.at/fileadmin/media_data/shop/handgeschoepft/16541-milk-choco-mousse-hand-scooped-1-en.jpg,2026-03-28 11:47:48.140172+00
b21a98f7-f007-408d-ac01-c90a36eb1361,MJ-4221,LATTE 65g,MAJANI,8.50,https://gustoraro.gr/wp-content/uploads/2025/03/8003288844221-300x300.jpg,2026-03-28 11:47:48.140172+00
b2318d02-ba50-4b93-a269-512bc918c209,HE-4840,GOLD CARAMEL & HAZELNUTS 100g,HEIDI,3.35,https://gustoraro.gr/wp-content/uploads/2024/01/5941021024840-300x300.jpg,2026-03-28 11:47:48.140172+00
b24024f4-beab-4542-96df-28f5560fb197,MB-1389,SWEET CHILLI ONION 230g,mrs.BRIDGES,4.45,https://gustoraro.gr/wp-content/uploads/2023/09/637793021389-300x300.jpg,2026-03-28 11:47:48.140172+00
b25d7ce6-09b7-478c-933c-d83709aa36f6,MB-1204,REDCURRANT JELLY 250g,mrs.BRIDGES,4.15,https://gustoraro.gr/wp-content/uploads/2023/09/637793021204-300x300.jpg,2026-03-28 11:47:48.140172+00
b2b2defb-5a71-45c8-854b-f7939ebd5be9,MJ-1509,BIANCA 30G,MAJANI,1.45,https://valentinadeli.co.uk/cdn/shop/files/00_3315_0000_000.jpg?v=1730294624&width=480,2026-03-28 11:47:48.140172+00
b2d7d220-9fa0-4b36-8dad-a7ab6dc67764,BP-2082,FIG & HAZELNUT 120g,BISCUITERIE DE PROVENCE,4.00,https://encrypted-tbn0.gstatic.com/images?q=tbn:ANd9GcRt34hZ8ZtolW8A2wcSB_0C_z1sv3Xdxfb4Jw&s,2026-03-28 11:47:48.140172+00
b2e6f5d4-c616-4c71-b0b4-9ba000ae8977,MB-8204,BLUE STILTON DRESSING 180g,mrs.BRIDGES,4.15,https://gustoraro.gr/wp-content/uploads/2023/09/637793018204-300x300.jpg,2026-03-28 11:47:48.140172+00
b308c739-f0c6-418b-9167-2bd40a0c2fc8,OD-2385,ΝΙΦΑΔΕΣ ΑΛΑΤΙ 75G ΓΛΥΚΙΑ ΠΙΠΕΡΙΑ ΒΙΟΛΟΓΙΚΗ,SALT ODYSSEY,2.55,https://gustoraro.gr/wp-content/uploads/2024/01/5200113802385-400x400.jpg,2026-04-02 15:21:53.100527+00
b32e4200-4168-4287-8ade-42c98a20c99c,GW-5801,VICTORIAN FLORAL -shortbread 150g,GRANDMA WILDS,10.80,,2026-03-28 11:47:48.140172+00
b3333ab9-2e93-4087-9a8f-a65b126a9665,ZO-5270,MAGICAL CHRISTMAS (CHEESECAKE) 70g,ZOTTER,4.75,,2026-03-28 11:47:48.140172+00
b3abc802-cea1-4306-83ab-0aff1aa1e541,BE-1503,PARMESAN DOP & BLACK PEPPER 150g,BELLI,3.10,https://encrypted-tbn0.gstatic.com/images?q=tbn:ANd9GcTFUhBPbN737-VKdbLrIm-3xZULER69xlBDKQ&s,2026-03-28 11:47:48.140172+00
b3b3de60-1815-4e9b-a605-11a5638a0419,BO-0658,GRISSINI TORINESI 120g,BORGO DI MEDICI,2.55,https://borgodemedici.us/sites/default/files/styles/product_sm/public/img/products/img/as02803-grisssini-croccanti-torinesi.jpg?itok=F8Mtf2nM,2026-03-28 11:47:48.140172+00
b412fbe6-f0c9-4fe2-9494-d5c15276b1bb,VD-1284,PECORINO TRUFFLE 75g,VERDUIJNS,2.50,https://gustoraro.gr/wp-content/uploads/2025/02/8713726301284-300x300.png,2026-03-28 11:47:48.140172+00
b4b7792f-91a4-410e-9fa0-57f94fb33768,VD-0945,ALMONDS 75g,VERDUIJNS,2.50,https://gustoraro.gr/wp-content/uploads/2024/01/8713726201232-300x300.jpg,2026-03-28 11:47:48.140172+00
b4fa162f-f884-44cb-9d62-9f65de5143d4,ZO-0092,100% 120g,ZOTTER,6.75,https://gustoraro.gr/wp-content/uploads/2023/09/9006403070092-300x300.jpg,2026-03-28 11:47:48.140172+00
b4fb08e4-2933-46ef-a7e4-49dc5ccac720,CV-1533,MINI WITH PEPERONCINO 120g,VECHIO MULINO,3.95,https://gustoraro.gr/wp-content/uploads/2024/01/8025848141533-300x300.jpg,2026-03-28 11:47:48.140172+00
b6027df5-bdbf-4ce3-9329-5b975b7e4e10,SM-1880,TROPICAL FRUITS 175g,SIMPKINS,3.90,https://gustoraro.gr/wp-content/uploads/2024/04/5011563001880-300x300.jpg,2026-03-28 11:47:48.140172+00
b627136b-716d-4215-aee3-fc4ffb8dced7,CP-0167,COCO CURRY 180g,CUISINE PROVENCALE,4.45,https://gustoraro.gr/wp-content/uploads/2025/02/La-Cuisine-Provencale-3302768100167-300x300.png,2026-03-28 11:47:48.140172+00
b67b674c-2e2a-436c-87d4-555cbfd717fd,RI-1796,HAM & CHEESE 125g,RISI,1.90,https://cdn-bm.aktiosdigitalservices.com/tol/bm/media/product/img/700x700/A15238_00.jpg?t=20260128030913,2026-03-28 11:47:48.140172+00
b7228925-e345-48ad-a22d-03e7430a3ef1,NS-3500,PORCINI 180g,NORDSALSE,3.55,https://gustoraro.gr/wp-content/uploads/2024/01/8003979003500-300x300.jpg,2026-03-28 11:47:48.140172+00
b75bfc77-710e-4c84-9556-9e5683cf601b,BO-7244,MACARON AL PISTACCHIO 480g,BORGO DI MEDICI,25.50,https://gustoraro.gr/wp-content/uploads/2024/01/8032578557244-300x300.jpg,2026-03-28 11:47:48.140172+00
b76facce-5646-48bc-affe-0560308687ff,GU-4028,CHEESE COMPTE 100g,GOULIBEUR,3.15,https://gustoraro.gr/wp-content/uploads/2024/01/3481712754028-300x300.jpg,2026-03-28 11:47:48.140172+00
b785a0ae-6948-4d13-9aee-adc9fe89d869,DC-1554,ORGANIC Penne Piseli 250g,DALLA COSTA,3.05,https://gustoraro.gr/wp-content/uploads/2024/01/8016419001554-300x300.jpg,2026-03-28 11:47:48.140172+00
b7b84cd5-3d40-4d7e-adf8-49a9ea0a32c4,ZZ-1349,CHEDDAR CHEESE 100g,CHAZZ,2.10,https://gustoraro.gr/wp-content/uploads/2025/03/4779047981349-300x300.jpg,2026-03-28 11:47:48.140172+00
b7b98ac2-9c6d-43c6-8ef8-fd5312f47535,MJ-0933,FONDENTE & ARANCIA 260g,MAJANI,29.00,https://gustoraro.gr/wp-content/uploads/2025/03/8003288840933-300x300.jpg,2026-03-28 11:47:48.140172+00
b7f25dc0-1790-4e73-8566-93d95756c9af,BO-1037,TRUFFLE & PORCINI RAVIOLI 1025 100ml,BORGO DI MEDICI,21.20,https://gustoraro.gr/wp-content/uploads/2024/01/8032578551037-300x300.jpg,2026-03-28 11:47:48.140172+00
b8258f3a-bd05-4f31-a758-1fb2e17f65f3,ZO-0177,70% 1000g,ZOTTER,39.00,,2026-03-28 11:47:48.140172+00
b852226b-5269-4db8-b3ac-8ee23d826dad,SM-1644,MULLED WINE 120g,SIMPKINS,3.90,https://gustoraro.gr/wp-content/uploads/2024/04/5011563001644-300x300.jpg,2026-03-28 11:47:48.140172+00
b86ccc87-79ba-4f69-b46d-4e3b7a4fc106,GM-0843,NUTS BAR SALTED CARAMEL 40G,GAM'S PROTEIN,0.00,https://mvtrade.ee/wp-content/uploads/2026/02/8585067200843.jpg,2026-04-01 11:50:46.130887+00
b92e7712-9bd4-4ab1-865c-5863f3253817,MJ-9428,BIANCO & PISTACCHI 58g,MAJANI,3.90,https://gustoraro.gr/wp-content/uploads/2024/01/8003288289428-300x300.jpg,2026-03-28 11:47:48.140172+00
b980040f-6b61-47f0-bcf7-b313e46714c0,KE-0011,ROASTED TURKEY 125g,KEOGHS,2.72,https://gustoraro.gr/wp-content/uploads/2024/01/5390248560011-300x300.jpg,2026-03-28 11:47:48.140172+00
ba205d27-ad1f-4af1-a145-31389d3a95f6,OD-2347,ΝΙΦΑΔΕΣ ΑΛΑΤΙΟΥ 75G NATURAL,SALT ODYSSEY,2.55,https://gustoraro.gr/wp-content/uploads/2024/01/5200113802347.jpg,2026-04-02 15:22:25.659528+00
ba34e16e-ed4e-41c6-9902-b9a5408d8d14,BR-8359,WHOLMEAL 140g,BRUSA,2.50,https://gustoraro.gr/wp-content/uploads/2023/09/8023192008359.jpg,2026-03-28 11:47:48.140172+00
ba359241-cc35-461a-be20-31991dde5be5,TJ-0014,MOROCCAN 300g,TREVIJANO,3.65,https://gustoraro.gr/wp-content/uploads/2024/01/8410770910317-300x300.jpg,2026-03-28 11:47:48.140172+00
baa1ecb5-bed8-4a90-b8e0-a20c9953e361,FH-7551,CARAMEL LATTE 100g,FARMHOUSE,3.35,https://gustoraro.gr/wp-content/uploads/2024/03/5017162007551-300x300.jpg,2026-03-28 11:47:48.140172+00
baa7b024-1717-4434-8e42-e27150d8cf8f,GM-3615,EXTRASOFT BAR CHOCOLATE 40G,GAM'S PROTEIN,0.00,https://www.gams-shop.sk/_next/image?url=https%3A%2F%2Finstance11.admin.grandus.sk%2Ffiles%2Fthumbnail%2F106%2F118%2F2025-10-13%2F08fa61%2F2090680%2Fgam-s-extra-soft-cokolada_624x624%402x.jpg%3Fv%3D2025-10-13-2014-3A40-3A47&w=3840&q=80,2026-04-01 11:47:16.042377+00
baf4adf5-ccf6-408e-8328-34cfe45a6270,CP-0006,ECHALOTE & RED WINE 180g,CUISINE PROVENCALE,4.45,https://gustoraro.gr/wp-content/uploads/2025/02/La-Cuisine-Provencale-3302768100006-300x300.png,2026-03-28 11:47:48.140172+00
bb19eca4-633b-4cc1-862e-d5e4eb8e7521,PI-9508,NAPOLITAN -VEGAN 175g,PISCHINGER,3.05,https://gustoraro.gr/wp-content/uploads/2024/03/9003353019508-300x300.jpg,2026-03-28 11:47:48.140172+00
bb7bd297-7e4c-45ac-a94b-c2d281f9d1d7,ZO-8520,BUTTER CARAMEL 70g,ZOTTER,4.75,https://www.zotter.at/fileadmin/media_data/_processed_/6/d/csm_16056-butter-caramel-hand-scooped-1--en_62ccdac89e.jpg,2026-03-28 11:47:48.140172+00
bbbd5b00-10e5-4d30-bbc4-934a420ffd53,BP-2038,PESTO PARMESAN 90g,BISCUITERIE DE PROVENCE,4.00,https://gustoraro.gr/wp-content/uploads/2024/04/3571303102038-300x300.jpg,2026-03-28 11:47:48.140172+00
bc961ed9-2d35-4484-a955-aa815b46a111,KE-0010,LIGHTLY SALTED 125g,KEOGHS,2.72,https://gustoraro.gr/wp-content/uploads/2023/09/5390248570010-300x300.jpg,2026-03-28 11:47:48.140172+00
bcc0d7a1-e3cf-4fd0-b51c-79b391d759f7,MJ-9442,CARAMELO SALATO 58g,MAJANI,3.90,https://gustoraro.gr/wp-content/uploads/2024/01/8003288289442-300x300.jpg,2026-03-28 11:47:48.140172+00
bd292912-4c3c-4157-a299-7545716cab29,NS-2732,GENOVESE CLASSIC 330g,NORDSALSE,4.15,https://gustoraro.gr/wp-content/uploads/2024/01/8003979002732-300x300.jpg,2026-03-28 11:47:48.140172+00
bd59dde5-1be4-4d6b-b695-4da1b0478592,BO-5820,PANETTONE FLORENTINE CLASSIC 750g,BORGO DI MEDICI,11.60,https://gustoraro.gr/wp-content/uploads/2024/10/GUS19-300x300.jpg,2026-03-28 11:47:48.140172+00
bd5c1962-e894-4895-9819-3db6abb5416d,BR-9846,RUBBATA ΧΕΙΡΟΠΟΙΗΤΟ 200g,BRUSA,4.15,https://gustoraro.gr/wp-content/uploads/2023/09/8023192009486-300x300.jpg,2026-03-28 11:47:48.140172+00
bdb55ff3-3810-458b-8aa1-327ad8259d70,BO-6582,STRAWBERRY & VANILLA 180g,BORGO DI MEDICI,6.75,https://gustoraro.gr/wp-content/uploads/2024/01/8032578556582-300x300.jpg,2026-03-28 11:47:48.140172+00
bdfac703-f6af-4789-9fa7-0ca2f9a1119d,MJ-0537,MILK CHOCO & HAZELNUT 450g,MAJANI,43.00,https://gustoraro.gr/wp-content/uploads/2025/03/8003288840537-copy-300x300.jpg,2026-03-28 11:47:48.140172+00
be0a4d78-fdb8-49f7-bea6-c363b4449bb3,BO-6773,VANILLA 180g,BORGO DI MEDICI,6.75,https://gustoraro.gr/wp-content/uploads/2024/01/8032578556773-300x300.jpg,2026-03-28 11:47:48.140172+00
be343916-5a90-478f-8fdb-4e649a368a5a,CZ-5118,CHEDDAR CHEESE 85g,CRACKZEL,1.10,https://gustoraro.gr/wp-content/uploads/2024/04/8681042335118-300x300.jpg,2026-03-28 11:47:48.140172+00
bf48529d-e663-478d-afcc-8f58621c008e,XK-0600,ΣΤΡΙΦΤΑΡΙ ΠΑΡΜΕΖΑΝΑ 500g,XΙΩΤΙΚΟ ΚΕΛΑΡΙ,3.15,https://gustoraro.gr/wp-content/uploads/2023/09/5200366200600-600x600.jpg,2026-03-28 11:47:48.140172+00
bfa77556-6aaf-4cbc-92b5-c2a6947c3b78,HE-5122,CRANBERRY 80g,HEIDI,2.75,https://gustoraro.gr/wp-content/uploads/2023/09/5941021005122-300x300.jpg,2026-03-28 11:47:48.140172+00
bfbef0e6-dbd0-407d-8b57-4bbe2ff58ce5,MJ-1053,BIANCO & MIRTILLI 245g,MAJANI,29.00,https://gustoraro.gr/wp-content/uploads/2025/03/8003288841053-300x300.jpg,2026-03-28 11:47:48.140172+00
c06e23f0-c43d-4cb3-add4-76a7ae602c31,KE-2008,GHOST CHILI & SOUR CREAM 125g,KEOGHS,2.72,https://gustoraro.gr/wp-content/uploads/2025/02/840202282008-300x300.png,2026-03-28 11:47:48.140172+00
c0db4814-1dc2-4cdf-bbe2-926f642cf93d,ZU-0512,NO ADDED SUGAR PEAR & APPLE 1000ml,ZUEGG,2.30,https://gustoraro.gr/wp-content/uploads/2023/09/8000340450512.jpg,2026-03-28 11:47:48.140172+00
c1afcbcc-9b47-4e24-a5bf-30b580e91a0a,GM-3264,CHIPSY BARBECUE 65G,GAM'S PROTEIN,0.00,https://www.questnutrition.com/cdn/shop/products/qst-000272_bbq-original-style-protein-chips_1.png?v=1681753375&width=1080,2026-04-01 11:59:09.349685+00
c248d180-6fe5-4ddc-86db-5c6b4bba19c0,KE-0316,SEA SALT & VINEGAR 125g,KEOGHS,2.72,https://gustoraro.gr/wp-content/uploads/2023/09/5391527730316-300x300.jpg,2026-03-28 11:47:48.140172+00
c28824c4-a840-447c-bdde-9198daaf4c1a,BP-8137,ALMOND & DARK CHOCOLATE VALRHONA-GF 130g,BISCUITERIE DE PROVENCE,4.95,https://encrypted-tbn0.gstatic.com/images?q=tbn:ANd9GcQVg5kWcZphkNZrJ6rxKHXvV_JmdWHpVpvq9A&s,2026-03-28 11:47:48.140172+00
c29190cb-a5e6-42a6-b90c-5a3aae209adf,GU-1120,LEMON & GINGER 35g,GOULIBEUR,2.20,https://gustoraro.gr/wp-content/uploads/2024/01/3481718131120-300x300.jpg,2026-03-28 11:47:48.140172+00
c311ff5a-c076-4fc7-8d9d-ac19a75c70e1,GM-3523,FREEZE DRIED CHEESE SLICES SMOKED 30G,GAM'S PROTEIN,0.00,https://www.gams-shop.cz/_next/image?url=https%3A%2F%2Finstance11.admin.grandus.sk%2Ffiles%2Fthumbnail%2F106%2F121%2F2026-02-06%2F27f639%2F2122255%2Fgam-s-lyofilizovany-syr-udena-parenica_624x624%402x.jpg%3Fv%3D2026-02-06-2015-3A08-3A33&w=1080&q=80,2026-04-01 11:45:35.335536+00
c32ec5c7-51e8-4cb1-845f-6776b838003b,DC-1561,ORGANIC Fusilli cecci 250g,DALLA COSTA,3.05,https://gustoraro.gr/wp-content/uploads/2024/01/8016419001561-300x300.jpg,2026-03-28 11:47:48.140172+00
c36144b0-bcc8-4dae-9395-5c5905e81220,LC-0793,ORIGINAL 75g,LONG CHIPS,1.00,https://gustoraro.gr/wp-content/uploads/2023/09/4750127300793-300x300.jpg,2026-03-28 11:14:01.419627+00
c408669f-c7cb-4040-8203-caee8d09f072,SB-6745,MILK WITH HAZELNUTS 100g,STELLA BERNRAIN,4.45,https://gustoraro.gr/wp-content/uploads/2023/09/7610202466745-300x300.jpg,2026-03-28 11:47:48.140172+00
c4d520ff-4696-42ab-933f-46a00c4acca1,ZO-2845,SALTED CARAMEL 70g,ZOTTER,4.75,https://www.zotter.at/fileadmin/media_data/shop/handgeschoepft/16507-salted-caramel-hand-scooped-1--en.jpg,2026-03-28 11:47:48.140172+00
c515aa01-2fa6-4b12-beee-f7c9c9cbcd85,TA-8303,SPAGHETTI RIGATI LEMON 250g,TARALLORO,2.95,,2026-03-28 11:47:48.140172+00
c539c29c-625b-4dc3-91c0-66aeb7ffad39,ME-0172,ΦΥΣΙΚΗ ΓΕΥΣΗ-VEGAN - NO ADDED SALT 400g,MAMA IRINE,3.45,https://wave-grocery.s3.eu-central-1.amazonaws.com/thanopoulos/products/5200126260172_1_1_E8B1D5E48FAC3DB7A8DBA82BAE05775A.jpg,2026-03-28 11:47:48.140172+00
c56ba207-c48b-4437-bfe8-fbcbd089bd5c,PI-9477,CARAMEL 100g,PISCHINGER,2.05,https://gustoraro.gr/wp-content/uploads/2024/03/9003353029477-300x300.jpg,2026-03-28 11:47:48.140172+00
c5ae9362-653d-4434-8765-c0bf22c0c37b,SB-5310,ECUADOR 77% 100g,STELLA BERNRAIN,4.45,https://gustoraro.gr/wp-content/uploads/2025/03/7610202475310-300x300.jpg,2026-03-28 11:47:48.140172+00
c5fc1b36-63cf-477f-bf4b-e74cf504e1b4,ZO-3378,CHESTNUT & RUM 70g,ZOTTER,4.75,https://www.zotter.at/fileadmin/media_data/shop/handgeschoepft/16519-chestnuts-rum-hand-scooped-1--en.jpg,2026-03-28 11:47:48.140172+00
c650c8c3-89e4-4635-8b8c-bb30c482aaf0,OD-2552,MILL 190G SMOKED SEA SALT,SALT ODYSSEY,4.25,https://gustoraro.gr/wp-content/uploads/2024/01/5200113802552-400x400.jpg,2026-04-02 15:17:41.099304+00
c6738587-bbc6-4686-a3dd-cc0e12cf1c78,MJ-3637,essense - assorted filled eggs 186g,MAJANI,18.60,https://gustoraro.gr/wp-content/uploads/2025/03/8003288773637-300x300.jpg,2026-03-28 11:47:48.140172+00
c68db3e3-04d1-4dfc-8ab2-a47501971b3b,GM-3639,EXTRASOFT BAR VANILLA 40G,GAM'S PROTEIN,0.00,https://www.gams-shop.sk/_next/image?url=https%3A%2F%2Finstance11.admin.grandus.sk%2Ffiles%2Fthumbnail%2F106%2F118%2F2025-10-13%2F08fa61%2F2090683%2Fgam-s-extra-soft-vanilka_624x624%402x.jpg%3Fv%3D2025-10-13-2014-3A58-3A35&w=3840&q=80,2026-04-01 11:47:35.364078+00
c696057f-0f87-467c-9ae3-efbd287304b7,NS-2091,RED 180g,NORDSALSE,3.75,https://gustoraro.gr/wp-content/uploads/2024/01/8003979002091-300x300.jpg,2026-03-28 11:47:48.140172+00
c6ba5e2a-f014-494e-8064-7078b833edd4,TJ-0021,MEDITERRANEAN 300g,TREVIJANO,3.65,https://gustoraro.gr/wp-content/uploads/2024/01/8410770910324-300x300.jpg,2026-03-28 11:47:48.140172+00
c7354377-428b-4a59-b163-3aa24141b38d,MJ-4393,DARK WITH STRAWBERRIES 115g,MAJANI,7.75,https://encrypted-tbn0.gstatic.com/images?q=tbn:ANd9GcQ9Hq0-n_VdKq__3QQ-oF29stYbbtDywE_YGg&s,2026-03-28 11:47:48.140172+00
c78a2379-0434-449f-baa1-d4092a93bb04,GU-1168,WALNUTS 35g,GOULIBEUR,2.20,https://gustoraro.gr/wp-content/uploads/2024/01/3481718131168-300x300.jpg,2026-03-28 11:47:48.140172+00
c795e80f-95fc-4c3a-b5d9-6069bb31d016,GM-1314,LENTIL CHIPS SMOKED HAM 65G,GAM'S PROTEIN,0.00,https://www.gams-shop.cz/_next/image?url=https%3A%2F%2Finstance11.admin.grandus.sk%2Ffiles%2Fthumbnail%2F106%2F121%2F2025-06-13%2F08fa61%2F1935832%2Fgam-s-protein-chipsy-udena-sunka-65g_624x624%402x.jpg%3Fv%3D2025-06-13-2011-3A08-3A29&w=1080&q=80,2026-04-01 11:43:40.848239+00
c8185901-8787-4699-99a8-752014800f39,MB-7816,PEACH & PROSECCO 340g,mrs.BRIDGES,5.95,https://gustoraro.gr/wp-content/uploads/2023/09/637793037816-300x300.jpg,2026-03-28 11:47:48.140172+00
c8920660-c0ae-442b-aefc-54333de4238e,FH-4833,GINGER 150g,FARMHOUSE,3.15,https://gustoraro.gr/wp-content/uploads/2025/02/5017162004833-300x300.png,2026-03-28 11:47:48.140172+00
c894838b-a1cb-40d8-90b1-7e23588a5829,BO-3444,MINI PANETTONE CLASSIC 100g,BORGO DI MEDICI,2.65,https://gustoraro.gr/wp-content/uploads/2024/10/GUS20-300x300.jpg,2026-03-28 11:47:48.140172+00
c8ec0b29-fe37-4725-a454-e877246853bb,HE-5625,STRAWBERRY & ALOE VERA 80g,HEIDI,2.75,https://gustoraro.gr/wp-content/uploads/2023/09/5941021025625-300x300.jpg,2026-03-28 11:47:48.140172+00
c8f9f6a0-a9ab-4f3c-8d7b-ee665f39a938,DC-8004,TEDDY BEAR pomodoro spinachi 250g,DALLA COSTA,1.85,https://gustoraro.gr/wp-content/uploads/2024/01/8016419098004-300x300.jpg,2026-03-28 11:47:48.140172+00
c97878be-a8d3-4b3d-a76b-2cd637aca70a,BO-0382,INDULGENT SWEET SET 675g,BORGO DI MEDICI,21.50,https://gustoraro.gr/wp-content/uploads/2024/01/8032578550382-300x300.jpg,2026-03-28 11:47:48.140172+00
c9b456e3-4da1-4efc-974a-652e84546a39,ZO-2968,WHITE BRITTLE VEGAN 70g,ZOTTER,4.75,https://www.zotter.at/fileadmin/media_data/shop/handgeschoepft/16069-white-chocolate-brittle-hand-scooped-1--en.jpg,2026-03-28 11:47:48.140172+00
c9c17668-031b-4e48-a456-f2e067489771,ZO-5974,CARAMEL & ORANGE 70g,ZOTTER,4.75,https://pi.nice-cdn.com/upload/image/product/large/default/57412_b77e87a8.1024x1024.jpg,2026-03-28 11:47:48.140172+00
ca2579cc-1508-4ea1-a091-7071309beb92,ZO-1788,80% 130g,ZOTTER,6.75,https://gustoraro.gr/wp-content/uploads/2023/09/9006403041788-300x300.jpg,2026-03-28 11:47:48.140172+00
cb2016a1-9ef2-41a9-a1a2-686ce1f8df5b,ZO-3487,Peru 100% 65g,ZOTTER,5.75,https://gustoraro.gr/wp-content/uploads/2024/01/9006403023487-300x300.jpg,2026-03-28 11:47:48.140172+00
cb6039b6-1fcb-409f-b676-5e8877935d76,MB-8211,GARLIC 180g,mrs.BRIDGES,4.45,https://gustoraro.gr/wp-content/uploads/2023/09/637793018211-300x300.jpg,2026-03-28 11:47:48.140172+00
cc61681f-021b-4795-bd54-2a870d999d35,OD-2569,MILL 80G BLACK PEPPER,SALT ODYSSEY,4.45,https://gustoraro.gr/wp-content/uploads/2024/01/5200113802569-400x400.jpg,2026-04-02 15:18:16.499626+00
cc8cdaa7-6e71-4dc9-8b62-de6318a21cc0,BP-2415,BIO COOKIES 80g,BISCUITERIE DE PROVENCE,8.80,https://cdn11.bigcommerce.com/s-arl5b/images/stencil/1280x1280/products/2284/13779/BdPCookieXmasBall__53037.1760470828.png?c=2,2026-03-28 11:47:48.140172+00
cca2c95c-e101-4854-b541-4469409b1811,DC-6662,ABC pomodoro & spinachi 250g,DALLA COSTA,1.85,https://gustoraro.gr/wp-content/uploads/2024/01/8016419036662-300x300.jpg,2026-03-28 11:47:48.140172+00
ccb38c8e-db12-4647-b37d-8e2d22d181a1,BO-4892,CARAMEL 100g,BORGO DI MEDICI,4.90,https://gustoraro.gr/wp-content/uploads/2024/01/8032578554892-300x300.jpg,2026-03-28 11:47:48.140172+00
ccc97b72-350a-4cb3-b998-922d6671bae0,MJ-4355,DARK WITH NIBS CACAO 115g,MAJANI,7.75,https://adultfoodnbeverage.com/cdn/shop/files/Majani1796DarkChocolatewithCocoaNibs115g.jpg?v=1691461527,2026-03-28 11:47:48.140172+00
cdb926d3-5cb1-46b5-917a-e47176485167,PI-9331,CACAO 110g,PISCHINGER,3.05,https://gustoraro.gr/wp-content/uploads/2024/03/9003353019331-300x300.jpg,2026-03-28 11:47:48.140172+00
ce626f06-f898-430e-b874-6ea9a444f8d8,BO-9040,AL TARTUFO NERO 220g,BORGO DI MEDICI,4.55,https://gustoraro.gr/wp-content/uploads/2025/05/8032578559040-300x300.jpg,2026-03-28 11:47:48.140172+00
cf1b6b17-c056-47d0-bd51-3c3db2bf766d,ZO-8265,CHRISTMAS SURPRISE (CARAMEL & WAFER BRITTLE) 70g,ZOTTER,4.75,,2026-03-28 11:47:48.140172+00
cf27a44b-44b5-418f-b443-bf47f553ba2a,BO-51082,PISTACCHIO 180g,BORGO DI MEDICI,6.55,https://gustoraro.gr/wp-content/uploads/2024/01/8032578556926-300x300.jpg,2026-03-28 11:47:48.140172+00
cf62e396-60ff-4965-b428-4c98ca12886a,GM-2533,DUBAI CHOCOLATE STYLE BAR SALTED CARAMEL 60G,GAM'S PROTEIN,0.00,https://suplementosalmayor.cl/wp-content/uploads/2025/07/xDubai-style-Protein-bars-salted-caramel-60g.png.pagespeed.ic_.tQiXQ1PsRu-removebg-preview.webp,2026-04-01 11:46:53.800961+00
cfb52fc6-fca4-4b01-9b33-53167531b733,ZO-4862,BLACKCURRANT & MACADAMIA 70g,ZOTTER,4.75,https://www.zotter.at/fileadmin/media_data/shop/drunter-drueber/25853--blackcurrant-macadamia-cheery-nuts-3-en.jpg,2026-03-28 11:47:48.140172+00
cfc42fb6-0469-4c62-8018-5d7ef774aa16,BO-7824,TUSCAN STYLE ANTIPASTI SET 940g,BORGO DI MEDICI,19.00,https://gustoraro.gr/wp-content/uploads/2024/01/8032578557824-300x300.jpg,2026-03-28 11:47:48.140172+00
d0006bd7-f7e6-4fca-adef-4a19bf005b0d,LC-0625,THAI SWEET CHILI 75g,LONG CHIPS,1.00,https://gustoraro.gr/wp-content/uploads/2023/09/4750127300625-300x300.jpg,2026-03-28 11:14:01.419627+00
d0a4ee17-39a5-4914-a567-2439bcafd723,BP-2044,VANILLE BOURBON 120g,BISCUITERIE DE PROVENCE,4.00,https://encrypted-tbn0.gstatic.com/images?q=tbn:ANd9GcTmbIsDGt2doT75yrfnhau-b68wDpIxVpudFA&s,2026-03-28 11:47:48.140172+00
d1115627-f260-4850-a886-3b3ca442341e,ZZ-1684,THAI SWEET CHILI 90g,CHAZZ,2.10,https://gustoraro.gr/wp-content/uploads/2025/03/4779047981684-300x300.jpg,2026-03-28 11:47:48.140172+00
d1b1b449-ab07-4f7a-9582-aa92e7b1b606,MB-0256,PLUM WITH ALE 285g,mrs.BRIDGES,5.95,https://gustoraro.gr/wp-content/uploads/2023/09/5020566700256-300x300.jpg,2026-03-28 11:47:48.140172+00
d1cd94a3-993e-4ae1-b7c8-e0ee04c88813,BP-2045,TOMATO & CHILLI 90g,BISCUITERIE DE PROVENCE,4.00,https://gustoraro.gr/wp-content/uploads/2024/04/3571303102045-300x300.jpg,2026-03-28 11:47:48.140172+00
d305eccc-1f0a-405c-9488-e3210849adf5,SP-1800,BELGIAN CHOCOLATE 100g,SPECULHOUSE,3.00,https://gustoraro.gr/wp-content/uploads/2025/02/SpeculHouse-5425032801800-300x300.png,2026-03-28 11:47:48.140172+00
d38da8f3-3622-4426-bc11-04d9395da96f,TA-5105,SPAGHETTI PEPERONCINO 250g,TARALLORO,3.05,https://chedrauimx.vtexassets.com/arquivos/ids/62640728-800-auto?v=639052488267230000&width=800&height=auto&aspect=true,2026-03-28 11:47:48.140172+00
d489237d-1d07-4523-a632-95f5bdad2e9b,BO-0771,PESTO FOCACCIA 1190 250ml,BORGO DI MEDICI,19.60,https://gustoraro.gr/wp-content/uploads/2024/01/8032578550771-300x300.jpg,2026-03-28 11:47:48.140172+00
d4fe218b-288c-4330-9184-eff8b3d5ec3a,PI-7110,"DARK CHOCO, MARZIPAN & PLUM 175g",PISCHINGER,5.75,https://edelweissimports.com/files/public-files/products/images-repo/9001638107117.jpg,2026-03-28 11:47:48.140172+00
d5563d3e-8516-4b9b-a197-ff065620a377,LC-0679,TRUFFLE 75g,LONG CHIPS,1.00,https://gustoraro.gr/wp-content/uploads/2025/05/4750127000679-300x300.jpg,2026-03-28 11:14:01.419627+00
d58b5401-7bf0-4aea-affd-dcd5ed54a03e,GW-4002,VICTORIAN FLORAL - salted caramel 150g,GRANDMA WILDS,7.30,https://gustoraro.gr/wp-content/uploads/2023/09/5019605024002-300x300.jpg,2026-03-28 11:47:48.140172+00
d5902fc3-69d3-4ca4-bf9b-7db3f2e75903,BO-1082,STRAWBERRY CROSTATA 1520g,BORGO DI MEDICI,22.00,https://gustoraro.gr/wp-content/uploads/2024/01/8032578551082-300x300.jpg,2026-03-28 11:47:48.140172+00
d629c23d-452a-424d-9a58-2858e24b4f3d,BO-7428,SPAGHETTI TRICOLORE 500g,BORGO DI MEDICI,4.50,https://gustoraro.gr/wp-content/uploads/2024/01/8032578557428-300x300.jpg,2026-03-28 11:47:48.140172+00
d6a20710-93c9-44f5-8969-4f8507b69c39,ZO-6063,CARAMEL PISTACHIO & ALMOND 70g,ZOTTER,4.75,https://encrypted-tbn0.gstatic.com/images?q=tbn:ANd9GcRDsJaY8sepdVncwTRAwyuc6ZrG54lx4VTSgg&s,2026-03-28 11:47:48.140172+00
d74ecdfc-8b5f-4a02-b9d3-2c7ded6c5db6,BO-8043,MINI PANDORO TIRAMISU 100g,BORGO DI MEDICI,2.65,https://gustoraro.gr/wp-content/uploads/2024/10/GUS24-300x300.jpg,2026-03-28 11:47:48.140172+00
d7d7f6ea-68f0-438e-b8e4-35672626d22f,MJ-6732,GINGER PEELS & DARK CHOCOLATE 100g,MAJANI,9.90,https://gustoraro.gr/wp-content/uploads/2024/01/8003288280807-300x300.jpg,2026-03-28 11:47:48.140172+00
d85a178f-1483-40c3-ad9d-77d73ed32ee7,CV-1875,MINI WITH DRIED TOMATO & CAPERS 130g,VECHIO MULINO,3.50,https://gustoraro.gr/wp-content/uploads/2023/09/8025848001875-300x300.jpg,2026-03-28 11:47:48.140172+00
d8939b82-d8ea-4a77-88f7-78bcccd91c44,ZU-9369,SKIPPER- NO ADDED SUGAR -RED FRUITS 1000ml,ZUEGG,2.30,https://gustoraro.gr/wp-content/uploads/2025/06/8000340009369_1080x1080-1024x1024.jpg,2026-03-28 11:47:48.140172+00
d8ae2882-2684-4967-b55c-103ae09be36b,OD-2071,ΘΑΛΑΣ/ΝΟ ΧΟΝΤΡΟ ΑΛΑΤΙ 1KG ΜΕΣΟΛΟΓΓΙΟΥ,SALT ODYSSEY,1.65,https://encrypted-tbn0.gstatic.com/images?q=tbn:ANd9GcSwyjkY7CJlGtcJCJp7rqr2VvEJTkRntUzOaw&s,2026-04-02 15:28:54.072766+00
d8b6b42e-0d3b-4f42-b949-14882611d782,ME-0158,ΦΡΕΣΚΩΝ ΛΑΧΑΝΙΚΩΝ-VEGAN - NO ADDED SALT 400g,MAMA IRINE,3.45,https://gustoraro.gr/wp-content/uploads/2025/03/5200126260158-300x300.jpg,2026-03-28 11:47:48.140172+00
d8ee2d16-1c09-409c-8769-01577209a702,ME-0332,ΤΟΥ ΜΠΑΞΕ  - HAPPY KIDS  - NO ADDED SALT 400g,MAMA IRINE,3.45,https://gustoraro.gr/wp-content/uploads/2025/03/5200126260332-300x300.jpg,2026-03-28 11:47:48.140172+00
d971458c-7c26-4774-9774-5c8a38ba14c2,OD-2538,MILL 180G SEA SALT WITH GARLIC & BASIL,SALT ODYSSEY,3.15,https://gustoraro.gr/wp-content/uploads/2024/01/5200113802538-400x400.jpg,2026-04-02 15:15:13.939995+00
d97db5e8-61de-4699-b2d5-b90f0281685f,PI-9223,CARAMEL & MILK CHOCO 120g,PISCHINGER,3.35,https://pischinger.at/wp-content/uploads/2023/11/PI_Pf_3922_CaramelEckenVM_120g_540x414-300x230.png,2026-03-28 11:47:48.140172+00
d9e186f1-1a83-46ec-887e-cc07d9965472,KE-8708,BLUE CHEESE 125g,KEOGHS,2.72,https://gustoraro.gr/wp-content/uploads/2024/01/850804008708-300x300.jpg,2026-03-28 11:47:48.140172+00
d9eb2fbc-8370-458b-9c43-89e314f11897,MB-7121,STICKY TOMATO WITH CAYENNE PEPPER 225g,mrs.BRIDGES,4.45,https://gustoraro.gr/wp-content/uploads/2023/09/637793027121-300x300.jpg,2026-03-28 11:47:48.140172+00
da38edc3-f0b4-4aa3-83e1-05672b6b53ef,BO-0108,ITALIAN HONEY BOOK 35 x 6,BORGO DI MEDICI,19.00,https://gustoraro.gr/wp-content/uploads/2024/01/8032578550108-300x300.jpg,2026-03-28 11:47:48.140172+00
daa4cf60-5209-4607-85ca-a865ae0c2bbf,PI-2004,SMALL VIENESE PRALINE 25g,PISCHINGER,1.60,https://www.austriansupermarket.com/media/catalog/product/1/1/11383_pis1200.jpg,2026-03-28 11:47:48.140172+00
db3f6562-dfc4-4317-b934-98e7d381bcb4,MB-1876,for CHEESE 300g,mrs.BRIDGES,5.95,https://gustoraro.gr/wp-content/uploads/2023/09/6377930318760-300x300.jpg,2026-03-28 11:47:48.140172+00
db4436de-cdd2-4308-b648-152052d07e3e,CZ-6078,SOUR CREAM & CHIVES 85g,CRACKZEL,1.50,https://gustoraro.gr/wp-content/uploads/2025/05/8681042336078-300x300.jpg,2026-03-28 11:47:48.140172+00
dbfa280d-1ffd-4eaa-b256-69d835aaa10e,DC-1738,FARMA brown rice GLUTEN FREE 250g,DALLA COSTA,3.05,https://gustoraro.gr/wp-content/uploads/2024/01/8016419001738-300x300.jpg,2026-03-28 11:47:48.140172+00
dc326215-b0d4-4c4d-a9b8-b0f488d1b8f9,VI-2772,TRIANGLES - SESAME 60g,BON VIVANT,2.90,https://kontradamerchants.com/wp-content/uploads/2026/02/TEX0385-300x300.jpg,2026-03-28 11:47:48.140172+00
dc33bcd4-0568-42b1-9812-8e7dcebb889d,HE-1147,DARK FLORENTINE 100g,HEIDI,3.35,https://www.meinlamgraben.eu/shop/media/catalog/product/cache/0aa4cd66a4664108d0ccd625ec107b14/4/1/414602_heidi_florentine_dark_1.png,2026-03-28 11:47:48.140172+00
dce46066-57f0-4b4d-9730-4b80b9f6569c,FH-7599,LEMON & WHITE CHOCOLATE 200g,FARMHOUSE,6.90,https://gustoraro.gr/wp-content/uploads/2024/03/5017162007599-300x300.jpg,2026-03-28 11:47:48.140172+00
dcf80eb6-8fc7-48e1-a763-1447120e1a49,ZO-0030,MILK 40% 130g,ZOTTER,6.75,https://www.zotter.at/fileadmin/media_data/shop/basic-kuvertueren/18004-40-milk-chocolate-130-fine-couverture-1-en.jpg,2026-03-28 11:47:48.140172+00
ddd426b6-48b8-41fb-850d-5e6e4ffd0440,BO-9019,RICE WITH SAFFRAN 220g,BORGO DI MEDICI,4.55,https://gustoraro.gr/wp-content/uploads/2025/05/8032578559019-300x300.jpg,2026-03-28 11:47:48.140172+00
de219a40-b4eb-4e26-b038-72b226fda383,NS-1445,GENOVESE D.O.P CLASSIC 180g,NORDSALSE,3.75,https://gustoraro.gr/wp-content/uploads/2024/01/8003979001445-300x300.jpg,2026-03-28 11:47:48.140172+00
de54310e-2502-4101-9058-85cd22d5e0bb,SM-0883,SALTED CARAMEL 175g,SIMPKINS,3.30,https://gustoraro.gr/wp-content/uploads/2024/04/5011563000883-300x300.jpg,2026-03-28 11:47:48.140172+00
de6a69bf-3a5c-45ab-9de6-6b4dff3469d2,ZO-9569,PEANUTS & CARAMEL 70g,ZOTTER,4.75,https://encrypted-tbn0.gstatic.com/images?q=tbn:ANd9GcRVqIRZ2F6q7bw4yxewz9d8_a2uryqEwwa8dQ&s,2026-03-28 11:47:48.140172+00
dedc7bd0-2f58-4fb1-8b28-29514e4576e7,ZU-0598,NO ADDED SUGAR ANANAS 330ml,ZUEGG,1.30,https://gustoraro.gr/wp-content/uploads/2023/09/8000340450598.jpg,2026-03-28 11:47:48.140172+00
df05ea85-1f75-48d6-9906-db2e01a33f15,BO-8265,LIMONCELLO 100g,BORGO DI MEDICI,4.90,https://gustoraro.gr/wp-content/uploads/2024/01/8032578558265-300x300.jpg,2026-03-28 11:47:48.140172+00
df4350bf-4b65-4d9e-82b2-3d259e7709bd,BO-9590,PANETTONE RUSTIC CHOCOLATE 750g,BORGO DI MEDICI,21.00,https://borgodemedici.us/sites/default/files/styles/product_sm/public/img/products/img/bdmp2202-panettone-chocolate-cake.jpg?itok=j9jcfm_j,2026-03-28 11:47:48.140172+00
df56b379-de3e-4834-bc0b-64ef076a6596,ZZ-0663,JALAPENO  & HABANERO PEPPER 90g,CHAZZ,2.10,https://gustoraro.gr/wp-content/uploads/2025/03/4779047980663-300x300.jpg,2026-03-28 11:47:48.140172+00
df5bfe78-1cf3-4659-8b93-026b69133fed,HU-9439,SMOKED SEA SALT 40g,HUNTERS,1.98,https://encrypted-tbn0.gstatic.com/images?q=tbn:ANd9GcQO-LzxXXm38jFBModlrCErlDMIkUgyUaYtmw&s,2026-03-28 11:47:48.140172+00
df68899f-1539-4c2f-a54e-94f0db4cda36,BP-1411,ORANGE 90g,BISCUITERIE DE PROVENCE,6.90,https://gustoraro.gr/wp-content/uploads/2024/04/3760081351411-300x300.jpg,2026-03-28 11:47:48.140172+00
df8c3b47-bc2b-45be-b444-6e40a0560dbf,BO-2587,BISCOTTONI CAPPUCINO 240g,BORGO DI MEDICI,5.75,https://borgodemedici.us/sites/default/files/styles/product_sm/public/img/products/img/bd2551-cappuccino-biscottoni.jpg?itok=NbWhHy_h,2026-03-28 11:47:48.140172+00
dfd6ca24-f8c8-46f7-944f-e76e85002ee8,SP-1886,ESPRESSO 100g,SPECULHOUSE,3.00,https://gustoraro.gr/wp-content/uploads/2025/02/SpeculHouse-5425032801886-300x300.png,2026-03-28 11:47:48.140172+00
e01d85d8-0db1-41a9-bc33-b89f69a7de04,SB-5596,CARAMEL & SEA SALT 80g,STELLA BERNRAIN,3.75,https://oinotypo.gr/wp-content/uploads/2025/11/250000004-33.jpg,2026-03-28 11:47:48.140172+00
e02ba21b-620c-4d7e-aa97-f1d4cafbd6fc,BR-6699,RUBATTA PIZZA 140g,BRUSA,2.50,https://gustoraro.gr/wp-content/uploads/2023/09/8023192003682.jpg,2026-03-28 11:47:48.140172+00
e08460d0-788c-4a58-9ee3-9acc20234774,ZU-9383,SKIPPER- NO ADDED SUGAR -YELLOW FRUITS 1000ml,ZUEGG,2.30,https://gustoraro.gr/wp-content/uploads/2025/06/8000340009383_1080x1080-1024x1024.jpg,2026-03-28 11:47:48.140172+00
e0d8c275-2943-4a5c-bf0e-a8d4cf65fd59,TA-7344,TORCHIETI LIMONE 250g,TARALLORO,2.50,https://gustoraro.gr/wp-content/uploads/2024/01/8003007827344-300x300.jpg,2026-03-28 11:47:48.140172+00
e1bdf6c0-01e3-4904-9aa7-189b3c086446,SB-2089,100% 70g,STELLA BERNRAIN,4.60,https://gustoraro.gr/wp-content/uploads/2023/09/7610148422089-300x300.jpg,2026-03-28 11:47:48.140172+00
e1cda057-1b09-4ac0-b684-1e256e80fbf7,BO-2898,SLICES OF BLACK TRUFFLE 85g,BORGO DI MEDICI,15.50,https://gustoraro.gr/wp-content/uploads/2024/01/8032578552898-300x300.jpg,2026-03-28 11:47:48.140172+00
e215086c-700b-4972-bc74-1a86ed9bab46,BP-2043,ALMOND & FIG-GLUTEN FREE 130g,BISCUITERIE DE PROVENCE,5.15,,2026-03-28 11:47:48.140172+00
e2322758-bdf9-4e0f-87f2-0e0a767ef6e2,GD-3887,TRIPLE CHEESE 120g,GUDOBELE,1.85,https://gustoraro.gr/wp-content/uploads/2024/01/4770350023887-300x300.jpg,2026-03-28 11:47:48.140172+00
e2e0fd88-d1a0-4949-8783-ae940a34bca0,DC-6008,EASTER PASTA 500g,DALLA COSTA,2.95,https://valentinadeli.co.uk/cdn/shop/files/DALLACOSTAEasterShapedPasta.webp?v=1770313521&width=480,2026-03-28 11:47:48.140172+00
e35cd6c1-0e38-4dc9-ba88-1c338fa40202,HE-5472,STRAWBERRY 90g,HEIDI,2.95,,2026-03-28 11:47:48.140172+00
e3b76ea0-c985-47ac-a2c3-380fdd22d622,MB-1567,STRAWBERRY WITH CHAMPAGNE 340g,mrs.BRIDGES,5.95,https://gustoraro.gr/wp-content/uploads/2023/09/5020566701567-300x300.jpg,2026-03-28 11:47:48.140172+00
e405cf20-7048-44bb-b8bb-fbd7bded9086,ZO-5319,CRANBERRIES VEGAN 70g,ZOTTER,4.75,https://www.zotter.at/fileadmin/media_data/_processed_/1/5/csm_16607-preiselbeer-handgeschoepft-1-de_4bd5816b7c.jpg,2026-03-28 11:47:48.140172+00
e41e0eee-4d45-4820-801e-62a838d0de29,ME-0134,ΜΕΛΑΝΙ ΣΟΥΠΙΑΣ-VEGAN -NO ADDED SALT 400g,MAMA IRINE,4.45,https://gustoraro.gr/wp-content/uploads/2025/03/5200126260134-300x300.jpg,2026-03-28 11:47:48.140172+00
e4517b01-6b1a-46ff-9b79-dac6405111dd,DC-2414,"FUSILLI WITH SPINACH,BROCCOLI & BASIL 250g",DALLA COSTA,2.15,https://gustoraro.gr/wp-content/uploads/2025/09/8016419002414-300x300.jpg,2026-03-28 11:47:48.140172+00
e467798f-73de-4985-ab03-b5c4cc4db6e4,SB-2062,DARK 92% 100g,STELLA BERNRAIN,4.60,https://gustoraro.gr/wp-content/uploads/2023/09/7610202422062-300x300.jpg,2026-03-28 11:47:48.140172+00
e46dfb83-e7d1-45eb-890f-33b9dbd4366c,MB-1588,CHERRY TOMATO & SHALLOT 280g,mrs.BRIDGES,5.95,https://gustoraro.gr/wp-content/uploads/2023/09/637793011588-300x300.jpg,2026-03-28 11:47:48.140172+00
e48c47e8-f7cd-444d-86d7-92567ba13487,ZU-4920,TOMATO NO ADDED SUGAR 200ml,ZUEGG,1.25,https://gustoraro.gr/wp-content/uploads/2023/09/80094920.jpg,2026-03-28 11:47:48.140172+00
e491736a-8df4-4cc1-8359-e279a7ad8a1f,TA-7335,CONCHIGLIE SALMOSE 250g,TARALLORO,2.50,https://gustoraro.gr/wp-content/uploads/2024/01/8003007827375-300x300.jpg,2026-03-28 11:47:48.140172+00
e4c76554-3113-418f-9a1a-490c92e0f30b,MB-6638,PICALILLY 270g,mrs.BRIDGES,5.95,https://gustoraro.gr/wp-content/uploads/2023/09/6377930066381-300x300.jpg,2026-03-28 11:47:48.140172+00
e4d23f7d-7445-4e7f-8bd3-6c93173c1c33,BO-0887,SOFT BAKED SALTED CARAMEL 200g,BORGO DI MEDICI,4.90,https://borgodemedici.us/sites/default/files/styles/product_sm/public/img/products/img/bh2417-biscotti-morbidi-limone-candito-box-200g-bdm-cucina-usa.jpg?itok=9CizgpZu,2026-03-28 11:47:48.140172+00
e4d96a98-a456-4382-b50c-865892d310ad,MB-2821,SCOTTISH RASPBERRY 340g,mrs.BRIDGES,5.95,https://gustoraro.gr/wp-content/uploads/2023/09/637793002821-300x300.jpg,2026-03-28 11:47:48.140172+00
e4f58dc4-730a-4765-a1ec-e123bb80a93d,BO-5745,BIO WITH VEGATABLES 220g,BORGO DI MEDICI,4.55,https://gustoraro.gr/wp-content/uploads/2025/05/8032578555745-300x300.jpg,2026-03-28 11:47:48.140172+00
e56679b6-82c6-4bf0-8a5a-a4e8fa776006,KE-8982,GUINESS & SEA SALT 125g,KEOGHS,3.00,https://gustoraro.gr/wp-content/uploads/2025/05/850804008982-300x300.jpg,2026-03-28 11:47:48.140172+00
e567b729-e35e-4ac5-9f31-72d879c5cde9,HU-5738,BLACK TRUFFLE IN TUBE 150g,HUNTERS,4.15,https://gustoraro.gr/wp-content/uploads/2023/09/733603095738-300x300.jpg,2026-03-28 11:47:48.140172+00
e5b4541a-9833-4418-b0c9-56f378c87b9f,ZU-4611,LEMON GINGER 200ml,ZUEGG,1.25,https://gustoraro.gr/wp-content/uploads/2023/09/80664611.jpg,2026-03-28 11:47:48.140172+00
e5d4690e-71be-4add-beb5-e198092d90f0,BO-7688,BIO LINGUINE 500g,BORGO DI MEDICI,4.95,https://gustoraro.gr/wp-content/uploads/2024/01/8032578557688-300x300.jpg,2026-03-28 11:47:48.140172+00
e5e480c4-6d3e-4c83-92ba-bc1172aa4602,BO-2911,HIMALAYIAN PINK 590g,BORGO DI MEDICI,26.10,https://gustoraro.gr/wp-content/uploads/2025/09/8023578552911-300x300.jpg,2026-03-28 11:47:48.140172+00
e6390f39-ac8b-4166-844c-967811d497a2,DC-2070,Linguine caserecci 500g,DALLA COSTA,2.55,https://gustoraro.gr/wp-content/uploads/2024/01/8016419002070-300x300.jpg,2026-03-28 11:47:48.140172+00
e6467102-98ec-4368-9cfd-924b76641aa8,BO-2089,MINI PANETTONE CHOCOLATE 100g,BORGO DI MEDICI,2.65,https://gustoraro.gr/wp-content/uploads/2024/10/GUS21-300x300.jpg,2026-03-28 11:47:48.140172+00
e67ad84a-61b7-4195-b533-c2f2c5e4fb29,HU-9118,BLACK CAVIAR 150g,HUNTERS,4.15,https://gustoraro.gr/wp-content/uploads/2023/09/733603099118-300x300.jpg,2026-03-28 11:47:48.140172+00
e6d1f492-f805-48b6-b5d1-5e2c65f4b4b7,MB-1536,GINGER 340g,mrs.BRIDGES,5.95,https://gustoraro.gr/wp-content/uploads/2023/09/5020566701536-300x300.jpg,2026-03-28 11:47:48.140172+00
e70f09b0-138d-4eba-bce9-11fdf79775a3,GM-0030,CHIPSY EXTRA SPICY 65G,GAM'S PROTEIN,0.00,,2026-04-01 11:59:30.743743+00
e7146d09-b40e-4aef-a81b-7a1a04151980,FH-7933,LEMON CURD 225g,FARMHOUSE,10.25,https://gustoraro.gr/wp-content/uploads/2025/09/5017162007933-300x300.jpg,2026-03-28 11:47:48.140172+00
e75dd597-1068-43bc-aedb-e292e9ff5384,SM-3181,MANDARINE & LIME 175g,SIMPKINS,2.90,https://gustoraro.gr/wp-content/uploads/2024/04/5011563623181-300x300.jpg,2026-03-28 11:47:48.140172+00
e7addb0f-52d8-4392-91d5-42d793c8eb3b,BP-0080,ASSORTED BIO BISCUITS 240g,BISCUITERIE DE PROVENCE,11.35,https://gustoraro.gr/wp-content/uploads/2025/03/3571372330080-300x300.jpg,2026-03-28 11:47:48.140172+00
e9405cb1-2e10-46c0-b8f3-c21589a31919,DC-2421,"PENNE  WITH PUMPKIN,TURMERIC & BLACK PEPER 250g",DALLA COSTA,2.15,https://gustoraro.gr/wp-content/uploads/2025/09/8016419002421-300x300.jpg,2026-03-28 11:47:48.140172+00
e947f5a2-03da-436b-a432-8beef465377a,DC-0106,Aglio & Peperoncino 500g,DALLA COSTA,3.40,https://gustoraro.gr/wp-content/uploads/2024/01/8016419000106-300x300.jpg,2026-03-28 11:47:48.140172+00
e9a447c5-77fe-41bb-8336-43dc72eabc58,DC-0302,BOX tricolore CARS 250g,DALLA COSTA,2.15,https://gustoraro.gr/wp-content/uploads/2024/01/8016419400302-300x300.png,2026-03-28 11:47:48.140172+00
e9c6f40f-8b14-459d-bdef-6665cbcf50d9,BO-2409,VEGETARIANA STYLE 100g,BORGO DI MEDICI,4.30,https://gustoraro.gr/wp-content/uploads/2024/01/8032578552409-300x300.jpg,2026-03-28 11:47:48.140172+00
e9cc1e19-b116-4e20-8113-68784698f0e6,DC-9001,Pomodoro & spinachi 500g,DALLA COSTA,3.00,https://gustoraro.gr/wp-content/uploads/2024/01/8016419169001-300x300.jpg,2026-03-28 11:47:48.140172+00
e9f3f835-4efe-4c3c-8750-4d41377691a2,RI-8468,WHITE CHOCO 120g,RISI,3.60,https://gustoraro.gr/wp-content/uploads/2025/02/Risi-8411859558468-300x300.png,2026-03-28 11:47:48.140172+00
ea6e0a60-a4d1-4c03-9001-e79473cc65bd,OD-2606,FLAKES JAR 100G LEMON,SALT ODYSSEY,2.90,https://gustoraro.gr/wp-content/uploads/2024/01/5200113802606-400x400.jpg,2026-04-02 15:13:34.598905+00
ea7e9263-8aa8-47b9-9476-efb08c991fac,BO-7718,AND  TARTUFO NERO 96g,BORGO DI MEDICI,5.95,https://gustoraro.gr/wp-content/uploads/2025/09/8032578557718-300x300.jpg,2026-03-28 11:47:48.140172+00
ead1e1d6-022c-46bf-9a9d-8b4ba1bd43c9,GU-4035,ONIONS 100g,GOULIBEUR,3.15,https://gustoraro.gr/wp-content/uploads/2024/01/3481712754035-300x300.jpg,2026-03-28 11:47:48.140172+00
eb97b0f8-b2c2-47de-be2d-96aee0d14e35,ZO-8923,HAZELNUT BRITTLE VEGAN 70g,ZOTTER,4.75,https://thechocolatehousedc.com/wp-content/uploads/2021/09/original-11.png,2026-03-28 11:47:48.140172+00
ebceeeca-32c3-40e5-b98d-33a7b457fcc6,HU-8609,WHITE TRUFFLE 150g,HUNTERS,4.15,https://www.hunterfoods.com/assets/wp-content/uploads/2024/04/white-truffle-hand-cooked-potato-chips-new.png,2026-03-28 11:47:48.140172+00
ed250e21-4abf-4b12-8abc-25b64dc26e44,XK-0624,"ΤΟΥ ΣΠΑΡΤΟΥ MAKAΡONIA 500g
",XΙΩΤΙΚΟ ΚΕΛΑΡΙ,3.15,https://gustoraro.gr/wp-content/uploads/2023/09/5200366200624-300x300.jpg,2026-03-31 12:46:26.978856+00
ed54d011-c826-4df0-8f74-38f3b142bc7a,PI-9553,HASELNUT & MILK CHOCO 200g,PISCHINGER,4.25,https://gustoraro.gr/wp-content/uploads/2024/03/9003353019553-300x300.jpg,2026-03-28 11:47:48.140172+00
ed988d89-a215-4447-acff-8608eb86a10b,DC-0371,ORGANIC tricolore Princess 300g,DALLA COSTA,2.05,https://gustoraro.gr/wp-content/uploads/2024/01/8016419400371-300x300.png,2026-03-28 11:47:48.140172+00
ede0d03f-1350-47b4-bffa-59bb695f29d0,HE-6790,HAZELNUT CREAM 90g,HEIDI,2.95,https://en.mistral.shop/thumbs/1/prod_16912_4.png,2026-03-28 11:47:48.140172+00
edecbeb2-4dfd-4e47-a270-43101ed1416e,MB-1044,LIME 340g,mrs.BRIDGES,5.95,https://gustoraro.gr/wp-content/uploads/2023/09/637793021044-300x300.jpg,2026-03-28 11:47:48.140172+00
ee627c3a-8763-4532-a363-4d7fe8615076,OD-2392,ΝΙΦΑΔΕΣ ΑΛΑΤΙ 75G ΒΑΣΙΛΙΚΟΣ & ΣΚΟΡΔΟ,SALT ODYSSEY,2.55,https://gustoraro.gr/wp-content/uploads/2024/01/5200113802392-400x400.jpg,2026-04-02 15:21:37.454748+00
ef14fc67-49bb-4fd6-b406-2895b31c7b91,BO-1242,PANETTONE RUSTIC AMARENA 1000g,BORGO DI MEDICI,21.00,https://borgodemedici.us/sites/default/files/styles/product_sm/public/img/products/img/bh2515.jpg?itok=SdweokdF,2026-03-28 11:47:48.140172+00
ef1da194-b391-43bf-a010-5a0fa266b80b,BO-2201,TOMATO SAUCE ARABBIATA 680g,BORGO DI MEDICI,5.55,https://gustoraro.gr/wp-content/uploads/2024/01/8032578552201-300x300.jpg,2026-03-28 11:47:48.140172+00
ef6a4a57-4067-4ea5-a1b3-1d002ecbe215,GM-3592,EXTRASOFT BAR COCONUT 40G,GAM'S PROTEIN,0.00,https://www.gams-shop.sk/_next/image?url=https%3A%2F%2Finstance11.admin.grandus.sk%2Ffiles%2Fthumbnail%2F106%2F118%2F2025-10-13%2F08fa61%2F2090677%2Fgam-s-extra-soft-kokos_624x624%402x.jpg%3Fv%3D2025-10-13-2014-3A28-3A18&w=3840&q=80,2026-04-01 11:47:26.931794+00
ef7cf7a6-5938-4ea6-bbd1-98d749afaa5a,SB-6738,MILK 100g,STELLA BERNRAIN,4.45,https://gustoraro.gr/wp-content/uploads/2023/09/7610202466738-300x300.jpg,2026-03-28 11:47:48.140172+00
efb400fe-2849-4926-a4e8-b558520e28b7,GW-9306,CATS IN JUMPERS - assorted 160g,GRANDMA WILDS,9.95,https://gustoraro.gr/wp-content/uploads/2023/09/5019605009306.jpg,2026-03-28 11:47:48.140172+00
eff639cc-7db9-4406-95b7-72b83d3f32e8,NS-4934,RED BIO 120g,NORDSALSE,3.30,https://gustoraro.gr/wp-content/uploads/2024/01/8003979004934-300x300.jpg,2026-03-28 11:47:48.140172+00
f0450145-31dd-4cd7-94dd-76f90b5d0771,BO-1266,TOMATO SAUCE WITH BLACK TRUFFLE 340g,BORGO DI MEDICI,4.95,https://borgodemedici.us/sites/default/files/styles/product_set_sm/public/img/products/imgs/as01644-black-truffle-tomato-pasta-sauce.jpg?itok=E-gGTJF-,2026-03-28 11:47:48.140172+00
f1766e57-3b62-4045-8435-df0c926f70a8,GW-0005,GINGER & DARK CHOCO 150g,GRANDMA WILDS,3.55,https://gustoraro.gr/wp-content/uploads/2025/02/5019605180005-300x300.png,2026-03-28 11:47:48.140172+00
f1b5e774-d745-4dac-9263-33a37e03d9ed,MB-0058,SCOTTISH STRAWBERRY 340g,mrs.BRIDGES,5.95,https://gustoraro.gr/wp-content/uploads/2023/09/5020566700058-300x300.jpg,2026-03-28 11:47:48.140172+00
f2528e54-2e08-4160-b24f-5dc93a8a0872,BB-7338,SWEET & SPICY 510g,SWEET BABY RAY'S,4.95,https://gustoraro.gr/wp-content/uploads/2023/09/0013409517338-300x300.jpg,2026-03-28 11:47:48.140172+00
f2dfa280-0a5a-484d-9a6e-5096ba25ea3a,VD-1109,BLACK PEPPER & SEA SALT 75g,VERDUIJNS,2.50,https://gustoraro.gr/wp-content/uploads/2024/01/8713726300539-300x300.jpg,2026-03-28 11:47:48.140172+00
f3282304-a064-4b8d-b87f-250c1a53a3ac,XK-0617,ΣΤΡΙΦΤΑΡΙ ΡΟΚΑ ΠΑΡΜΕΖΑΝΑ 500g,XΙΩΤΙΚΟ ΚΕΛΑΡΙ,3.15,https://gustoraro.gr/wp-content/uploads/2023/09/5200366200617-600x600.jpg,2026-03-28 11:47:48.140172+00
f35a3c37-ba40-48a8-b670-84268e1214ff,MB-1143,TRADITIONAL ENGLISH 200g,mrs.BRIDGES,4.45,https://gustoraro.gr/wp-content/uploads/2023/09/637793021143-300x300.jpg,2026-03-28 11:47:48.140172+00
f3875fd0-89ca-459a-8ee1-89da51001d4a,BO-1808,PARMIGGIANO CON TARTUFO NERO 90g,BORGO DI MEDICI,7.70,https://gustoraro.gr/wp-content/uploads/2024/01/8032578559644-300x300.jpg,2026-03-28 11:47:48.140172+00
f3ad7055-1974-4568-ba98-ba912238fb69,MB-1068,ORANGE 340g,mrs.BRIDGES,5.95,https://gustoraro.gr/wp-content/uploads/2023/09/637793021068-300x300.jpg,2026-03-28 11:47:48.140172+00
f3e9aeb8-20c4-4b89-80fd-17074b710472,TA-5068,SPAGHETTI CASERECCI 250g,TARALLORO,2.85,https://gustoraro.gr/wp-content/uploads/2024/01/8003007815068-300x300.jpg,2026-03-28 11:47:48.140172+00
f46a40e2-ffcf-4be8-b8f0-b3e5b31c4bda,HU-9101,QUATTRO FORMAGGI 150g,HUNTERS,4.15,https://gustoraro.gr/wp-content/uploads/2023/09/733603099101-300x300.jpg,2026-03-28 11:47:48.140172+00
f47b7474-fda1-4e98-847f-54b9538f2440,KE-0293,CHEDDAR & ONION 125g,KEOGHS,2.72,https://gustoraro.gr/wp-content/uploads/2023/09/5391527730293-300x300.jpg,2026-03-28 11:47:48.140172+00
f4b09207-79f5-47ff-b42b-e23976b08a82,HU-0208,MIXED VEGETABLES BAG 75g,HUNTERS,3.40,https://gustoraro.gr/wp-content/uploads/2023/09/733603530208-300x300.jpg,2026-03-28 11:47:48.140172+00
f51084e2-c67b-41c4-b0e8-15495ac5c115,CV-2193,BUTTER & SEA SALT 200g,VECHIO MULINO,3.95,,2026-03-28 11:47:48.140172+00
f510cf9d-f771-4750-8566-5fcbd1d6a702,GU-1114,BUTTER 150g,GOULIBEUR,5.20,https://gustoraro.gr/wp-content/uploads/2024/01/3481718121114-300x300.jpg,2026-03-28 11:47:48.140172+00
f5350c7f-5859-4d3a-992a-3b5e811e336d,MJ-4844,DARK 60% 76g,MAJANI,4.50,https://gustoraro.gr/wp-content/uploads/2024/01/8003288344844-300x300.jpg,2026-03-28 11:47:48.140172+00
f55c725f-a533-4064-a2a8-8cdb6f09c4b5,BO-0344,BIO FARFALLE WITH VEGETABLES & SPICES 250g,BORGO DI MEDICI,5.95,https://gustoraro.gr/wp-content/uploads/2025/09/8032578550344-300x300.jpg,2026-03-28 11:47:48.140172+00
f57b968a-649f-47de-9bdd-323a3717fd59,GU-1144,PECORINO ROMANO 35g,GOULIBEUR,2.20,https://gustoraro.gr/wp-content/uploads/2024/01/3481718131144-300x300.jpg,2026-03-28 11:47:48.140172+00
f59f404b-989e-4e33-8b8c-5ebf11824bda,GU-1121,LEMON & GINGER 150g,GOULIBEUR,5.20,https://gustoraro.gr/wp-content/uploads/2024/01/3481718121121-300x300.jpg,2026-03-28 11:47:48.140172+00
f6378896-6eb5-4105-8363-3cb57e95e139,HE-5139,MILK ALMONDS 100g,HEIDI,3.35,https://encrypted-tbn0.gstatic.com/images?q=tbn:ANd9GcRCVHC97vPy8FBxKl1_faZVZOAQLPzgefqijA&s,2026-03-28 11:47:48.140172+00
f6b9afc7-4dd9-4586-87a4-bf81a2e86fcc,GM-3417,CHIPSY CHEESE & JALAPEŇO 65G,GAM'S PROTEIN,0.00,,2026-04-01 11:59:21.519832+00
f7001088-6fcc-45b4-8558-46d1c44c8325,FH-7582,STEM GINGER 200g,FARMHOUSE,6.90,https://gustoraro.gr/wp-content/uploads/2024/03/5017162007582-300x300.jpg,2026-03-28 11:47:48.140172+00
f76f5235-fcba-4d0f-941e-6554cd549747,DI-7931,BOLOGNESE 350g,TARALLORO,2.90,https://encrypted-tbn0.gstatic.com/images?q=tbn:ANd9GcQI6PJmwz5oIrAiZuRwaK1-CKA6vLg8rfO0jQ&s,2026-03-28 11:47:48.140172+00
f77ece47-da47-44d4-896c-b1d1697d9a96,BO-7282,MACARON ALLA STRACCIATELLA 480g,BORGO DI MEDICI,25.50,https://gustoraro.gr/wp-content/uploads/2024/01/8032578557282-300x300.jpg,2026-03-28 11:47:48.140172+00
f82227bb-75d9-4e40-a1b2-36b9de96bf7b,ME-0028,ΧΩΡΙΑΤΙΚΕΣ-NO ADDED SALT 400g,MAMA IRINE,3.45,https://gustoraro.gr/wp-content/uploads/2025/03/5200126260028-300x300.jpg,2026-03-28 11:47:48.140172+00
f8b67b94-1705-4ccb-926f-18ec4efd0fd9,GW-9009,CAROUSEL MUSICAL-mini clotted cream 150g,GRANDMA WILDS,11.00,,2026-03-28 11:47:48.140172+00
f946d47c-6a8c-4dd9-af6a-4596d129e62c,MB-3255,APRICOT & PEACH 340g,mrs.BRIDGES,5.95,https://gustoraro.gr/wp-content/uploads/2023/09/637793003255-300x300.jpg,2026-03-28 11:47:48.140172+00
f991b285-3d3b-46d5-a780-9ae2b1244a1e,GW-3969,VICTORIAN FLORAL -Salted caramel 150g,GRANDMA WILDS,10.80,,2026-03-28 11:47:48.140172+00
f9c722f7-03e5-43b3-977b-66fcd6153925,BO-8777,BRUSCHETTA ALL ITALIANA 190g,BORGO DI MEDICI,4.45,https://gustoraro.gr/wp-content/uploads/2024/01/8032578558777-300x300.jpg,2026-03-28 11:47:48.140172+00
fa39349f-e51c-428a-b78a-b2c122b16b98,VI-3809,CHEESE & PEPPER 60g,BON VIVANT,2.90,https://encrypted-tbn0.gstatic.com/images?q=tbn:ANd9GcQu78uKw6cSPnKIkR4Xsx5HJt66jHA7EncfeA&s,2026-03-28 11:47:48.140172+00
fa9ebe50-f9cd-4b67-a0a3-af169e7e13a8,ZZ-1103,Bloody Mary 90g,CHAZZ,2.10,https://gustoraro.gr/wp-content/uploads/2025/03/4779047981103-300x300.jpg,2026-03-28 11:47:48.140172+00
fb718536-e3f7-4dab-a8f1-431c6a7345bf,PI-5012,MOZART - MILK CHOCO & HAZELNUT BRITTLE 45g,PISCHINGER,1.95,https://encrypted-tbn0.gstatic.com/images?q=tbn:ANd9GcQ21GzwcxtPMAw7Dgw5vEvFHiLhsOS6vSMQcA&s,2026-03-28 11:47:48.140172+00
fb752a38-9bc2-45c8-95b8-2e2fbe6083f3,RI-0478,MEXICO 150g,RISI,4.25,https://gustoraro.gr/wp-content/uploads/2025/02/Risi-8411859560478-300x300.png,2026-03-28 11:47:48.140172+00
fba8a61a-ab88-4c66-86e2-380cb89ee8d2,SM-0851,STRAWBERRY & CRUSHED PEPPER 150g,SIMPKINS,4.50,https://gustoraro.gr/wp-content/uploads/2024/04/5011563010851-300x300.jpg,2026-03-28 11:47:48.140172+00
fbf59b43-5f71-4fa8-8f04-9eeb18858869,SB-6769,DARK 72% & NIBS 100g,STELLA BERNRAIN,4.45,https://gustoraro.gr/wp-content/uploads/2023/09/7610202466769-300x300.jpg,2026-03-28 11:47:48.140172+00
fc28c9e7-d315-40ea-8516-8779c7e0e7bb,HE-5571,HAZELNUTS 80g,HEIDI,2.75,https://gustoraro.gr/wp-content/uploads/2023/09/5941021025571-300x300.jpg,2026-03-28 11:47:48.140172+00
fc495197-cc62-45fb-af0d-0253da36b523,HE-7828,AMARETTO 90g,HEIDI,2.95,https://gustoraro.gr/wp-content/uploads/2023/09/5941021017828-300x300.jpg,2026-03-28 11:47:48.140172+00
fc544c24-a95c-4921-896c-4adc3eefb562,BO-1945,PISTACHIO 100g,BORGO DI MEDICI,4.75,https://gustoraro.gr/wp-content/uploads/2025/09/8032578551945-300x300.jpg,2026-03-28 11:47:48.140172+00
fc80c5a0-6273-4114-8098-723bde232300,GM-0829,NUTS BAR 4 NUTS 40G,GAM'S PROTEIN,0.00,https://mvtrade.ee/wp-content/uploads/2026/02/8585067200829.jpg,2026-04-01 11:50:20.043534+00
fc839650-ace0-41ad-8c9a-936c878527d7,BO-5035,"APPLE, CINAMMON & PINES 320g",BORGO DI MEDICI,5.40,https://borgodemedici.us/sites/default/files/styles/product_sm/public/img/products/img/bh2508.jpg?itok=-CwYAueJ,2026-03-28 11:47:48.140172+00
fc8e41d6-4039-45a1-8967-5962d06e73f6,BO-0528,PANETTONE RUSTIC PISTACCHIO 750g,BORGO DI MEDICI,21.00,https://borgodemedici.us/sites/default/files/styles/product_sm/public/img/products/img/bdmp2203-panettone-pistachio-cream-filled-cake.jpg?itok=XYVKgy5i,2026-03-28 11:47:48.140172+00
fd49886d-5af7-49a9-81a6-db2161a63ecc,TA-2769,CLASSICO 250g,TARALLORO,3.30,https://gustoraro.gr/wp-content/uploads/2024/01/8003007822769-300x300.jpg,2026-03-28 11:47:48.140172+00
fdef7a1a-baa7-491c-a114-c3067c444243,DC-2650,HELLO KITTY natural & beetroot 250g,DALLA COSTA,1.85,https://gustoraro.gr/wp-content/uploads/2025/09/8016419002650-300x300.jpg,2026-03-28 11:47:48.140172+00
fe4050d5-aa98-4cd9-ade1-b1f5d1a0518f,TA-5358,ΑΥΤΑΚΙΑ (ORECCHIETTE) 500g,TARALLORO,3.30,https://gustoraro.gr/wp-content/uploads/2024/01/8003007815358-300x300.jpg,2026-03-28 11:47:48.140172+00
fe4ca7e1-bd34-4b98-813d-0113611af5ff,DC-2445,"STROZZAPRETI WITH BEETROOT,BLACK CARROT & RED ONION 250g",DALLA COSTA,2.15,https://gustoraro.gr/wp-content/uploads/2025/09/8016419002445-300x300.jpg,2026-03-28 11:47:48.140172+00
fe9a7ad4-89a0-4837-b71f-023f4cfaae56,MB-6699,CARAMELISED ONION & GARLIC 300g,mrs.BRIDGES,5.95,https://gustoraro.gr/wp-content/uploads/2023/09/637793016699-300x300.jpg,2026-03-28 11:47:48.140172+00
ff64623f-adc2-4011-ae39-762ce4807813,ZO-6568,RUM COCONUT VEGAN 70g,ZOTTER,4.75,https://www.zotter.at/fileadmin/media_data/_processed_/1/b/csm_16932-rum-coconut-vegan-hand-scooped-1-en_53d3722a6b.jpg,2026-03-28 11:47:48.140172+00
ffa7d8b6-aeeb-4796-8cee-8bdbe2d08b56,MJ-9435,GIANDUJA NOCCIOLE 58g,MAJANI,3.90,https://gustoraro.gr/wp-content/uploads/2024/01/8003288289435-300x300.jpg,2026-03-28 11:47:48.140172+00
ffaf9ebd-391a-4514-a3fd-e361da19e461,LC-0601,SOUR CREAM & ONION 75g,LONG CHIPS,1.00,https://gustoraro.gr/wp-content/uploads/2023/09/4750127300601-300x300.jpg,2026-03-28 11:14:01.419627+00